,GEOID,month,year,passenger_count,tot_month,share_month
0,34003002100.0,03,2013,20,1471243,1.35939474308e-05
1,34003003402.0,03,2013,1,1471243,6.79697371542e-07
2,34003005000.0,03,2013,1,1471243,6.79697371542e-07
3,34003006100.0,03,2013,4,1471243,2.71878948617e-06
4,34003006201.0,03,2013,2,1471243,1.35939474308e-06
5,34003006202.0,03,2013,1,1471243,6.79697371542e-07
6,34003006300.0,03,2013,2,1471243,1.35939474308e-06
7,34003009100.0,03,2013,1,1471243,6.79697371542e-07
8,34003013001.0,03,2013,120,1471243,8.15636845851e-05
9,34003013002.0,03,2013,11,1471243,7.47667108697e-06
10,34003015100.0,03,2013,4,1471243,2.71878948617e-06
11,34003015400.0,03,2013,1,1471243,6.79697371542e-07
12,34003015500.0,03,2013,4,1471243,2.71878948617e-06
13,34003016000.0,03,2013,72,1471243,4.8938210751e-05
14,34003018100.0,03,2013,2,1471243,1.35939474308e-06
15,34003018200.0,03,2013,2,1471243,1.35939474308e-06
16,34003019103.0,03,2013,1,1471243,6.79697371542e-07
17,34003019104.0,03,2013,1,1471243,6.79697371542e-07
18,34003019203.0,03,2013,1,1471243,6.79697371542e-07
19,34003019306.0,03,2013,2,1471243,1.35939474308e-06
20,34003023100.0,03,2013,4,1471243,2.71878948617e-06
21,34003024100.0,03,2013,4,1471243,2.71878948617e-06
22,34003028001.0,03,2013,1,1471243,6.79697371542e-07
23,34003037100.0,03,2013,1,1471243,6.79697371542e-07
24,34003037201.0,03,2013,1,1471243,6.79697371542e-07
25,34003041200.0,03,2013,3,1471243,2.03909211463e-06
26,34003041302.0,03,2013,1,1471243,6.79697371542e-07
27,34003043002.0,03,2013,1,1471243,6.79697371542e-07
28,34003045100.0,03,2013,1,1471243,6.79697371542e-07
29,34003045200.0,03,2013,2,1471243,1.35939474308e-06
30,34003046100.0,03,2013,2,1471243,1.35939474308e-06
31,34003054100.0,03,2013,1,1471243,6.79697371542e-07
32,34003054400.0,03,2013,1,1471243,6.79697371542e-07
33,34003054500.0,03,2013,1,1471243,6.79697371542e-07
34,34003054600.0,03,2013,5,1471243,3.39848685771e-06
35,34017000300.0,03,2013,1,1471243,6.79697371542e-07
36,34017003500.0,03,2013,2,1471243,1.35939474308e-06
37,34017006400.0,03,2013,1,1471243,6.79697371542e-07
38,34017006500.0,03,2013,1,1471243,6.79697371542e-07
39,34017007000.0,03,2013,6,1471243,4.07818422925e-06
40,34017007200.0,03,2013,2,1471243,1.35939474308e-06
41,34017007300.0,03,2013,3,1471243,2.03909211463e-06
42,34017007500.0,03,2013,2,1471243,1.35939474308e-06
43,34017007800.0,03,2013,15,1471243,1.01954605731e-05
44,34017014000.0,03,2013,1,1471243,6.79697371542e-07
45,34017014102.0,03,2013,3,1471243,2.03909211463e-06
46,34017014200.0,03,2013,3,1471243,2.03909211463e-06
47,34017014400.0,03,2013,4,1471243,2.71878948617e-06
48,34017014501.0,03,2013,1,1471243,6.79697371542e-07
49,34017014600.0,03,2013,18,1471243,1.22345526878e-05
50,34017014700.0,03,2013,2,1471243,1.35939474308e-06
51,34017014800.0,03,2013,8,1471243,5.43757897234e-06
52,34017015002.0,03,2013,17,1471243,1.15548553162e-05
53,34017015202.0,03,2013,3,1471243,2.03909211463e-06
54,34017015300.0,03,2013,2,1471243,1.35939474308e-06
55,34017015700.0,03,2013,1,1471243,6.79697371542e-07
56,34017015802.0,03,2013,2,1471243,1.35939474308e-06
57,34017016000.0,03,2013,4,1471243,2.71878948617e-06
58,34017016400.0,03,2013,7,1471243,4.7578816008e-06
59,34017016500.0,03,2013,12,1471243,8.15636845851e-06
60,34017016800.0,03,2013,2,1471243,1.35939474308e-06
61,34017017000.0,03,2013,1,1471243,6.79697371542e-07
62,34017017100.0,03,2013,1,1471243,6.79697371542e-07
63,34017017400.0,03,2013,1,1471243,6.79697371542e-07
64,34017017500.0,03,2013,1,1471243,6.79697371542e-07
65,34017018000.0,03,2013,1,1471243,6.79697371542e-07
66,34017018100.0,03,2013,10,1471243,6.79697371542e-06
67,34017018200.0,03,2013,5,1471243,3.39848685771e-06
68,34017018400.0,03,2013,1,1471243,6.79697371542e-07
69,34017018500.0,03,2013,2,1471243,1.35939474308e-06
70,34017018600.0,03,2013,1,1471243,6.79697371542e-07
71,34017018701.0,03,2013,11,1471243,7.47667108697e-06
72,34017018702.0,03,2013,1,1471243,6.79697371542e-07
73,34017018800.0,03,2013,1,1471243,6.79697371542e-07
74,34017019200.0,03,2013,4,1471243,2.71878948617e-06
75,34017019400.0,03,2013,2,1471243,1.35939474308e-06
76,34017019800.0,03,2013,6,1471243,4.07818422925e-06
77,34017980100.0,03,2013,4,1471243,2.71878948617e-06
78,36005000100.0,03,2013,3,1471243,2.03909211463e-06
79,36005000200.0,03,2013,4,1471243,2.71878948617e-06
80,36005000400.0,03,2013,1,1471243,6.79697371542e-07
81,36005001900.0,03,2013,85,1471243,5.77742765811e-05
82,36005002000.0,03,2013,7,1471243,4.7578816008e-06
83,36005002300.0,03,2013,10,1471243,6.79697371542e-06
84,36005002400.0,03,2013,2,1471243,1.35939474308e-06
85,36005002500.0,03,2013,1,1471243,6.79697371542e-07
86,36005002701.0,03,2013,2,1471243,1.35939474308e-06
87,36005002702.0,03,2013,6,1471243,4.07818422925e-06
88,36005002800.0,03,2013,1,1471243,6.79697371542e-07
89,36005003500.0,03,2013,1,1471243,6.79697371542e-07
90,36005003900.0,03,2013,12,1471243,8.15636845851e-06
91,36005004100.0,03,2013,1,1471243,6.79697371542e-07
92,36005004200.0,03,2013,5,1471243,3.39848685771e-06
93,36005004300.0,03,2013,3,1471243,2.03909211463e-06
94,36005004400.0,03,2013,4,1471243,2.71878948617e-06
95,36005005100.0,03,2013,148,1471243,0.000100595210988
96,36005005300.0,03,2013,2,1471243,1.35939474308e-06
97,36005005902.0,03,2013,7,1471243,4.7578816008e-06
98,36005006000.0,03,2013,1,1471243,6.79697371542e-07
99,36005006100.0,03,2013,15,1471243,1.01954605731e-05
100,36005006200.0,03,2013,1,1471243,6.79697371542e-07
101,36005006300.0,03,2013,150,1471243,0.000101954605731
102,36005006400.0,03,2013,1,1471243,6.79697371542e-07
103,36005006500.0,03,2013,44,1471243,2.99066843479e-05
104,36005006700.0,03,2013,10,1471243,6.79697371542e-06
105,36005006900.0,03,2013,13,1471243,8.83606583005e-06
106,36005007000.0,03,2013,1,1471243,6.79697371542e-07
107,36005007100.0,03,2013,19,1471243,1.29142500593e-05
108,36005007200.0,03,2013,6,1471243,4.07818422925e-06
109,36005007300.0,03,2013,1,1471243,6.79697371542e-07
110,36005007400.0,03,2013,1,1471243,6.79697371542e-07
111,36005007500.0,03,2013,6,1471243,4.07818422925e-06
112,36005007600.0,03,2013,2,1471243,1.35939474308e-06
113,36005007700.0,03,2013,3,1471243,2.03909211463e-06
114,36005007800.0,03,2013,5,1471243,3.39848685771e-06
115,36005007900.0,03,2013,4,1471243,2.71878948617e-06
116,36005008300.0,03,2013,3,1471243,2.03909211463e-06
117,36005008500.0,03,2013,2,1471243,1.35939474308e-06
118,36005008700.0,03,2013,5,1471243,3.39848685771e-06
119,36005008900.0,03,2013,2,1471243,1.35939474308e-06
120,36005009000.0,03,2013,4,1471243,2.71878948617e-06
121,36005009200.0,03,2013,12,1471243,8.15636845851e-06
122,36005009300.0,03,2013,14,1471243,9.51576320159e-06
123,36005009600.0,03,2013,11,1471243,7.47667108697e-06
124,36005009800.0,03,2013,2,1471243,1.35939474308e-06
125,36005011000.0,03,2013,2,1471243,1.35939474308e-06
126,36005011502.0,03,2013,3,1471243,2.03909211463e-06
127,36005011700.0,03,2013,6,1471243,4.07818422925e-06
128,36005011800.0,03,2013,2,1471243,1.35939474308e-06
129,36005011900.0,03,2013,1,1471243,6.79697371542e-07
130,36005012101.0,03,2013,2,1471243,1.35939474308e-06
131,36005012300.0,03,2013,1,1471243,6.79697371542e-07
132,36005012500.0,03,2013,1,1471243,6.79697371542e-07
133,36005012701.0,03,2013,1,1471243,6.79697371542e-07
134,36005012901.0,03,2013,3,1471243,2.03909211463e-06
135,36005013100.0,03,2013,1,1471243,6.79697371542e-07
136,36005013300.0,03,2013,2,1471243,1.35939474308e-06
137,36005013500.0,03,2013,2,1471243,1.35939474308e-06
138,36005014100.0,03,2013,20,1471243,1.35939474308e-05
139,36005014300.0,03,2013,1,1471243,6.79697371542e-07
140,36005014500.0,03,2013,10,1471243,6.79697371542e-06
141,36005014701.0,03,2013,4,1471243,2.71878948617e-06
142,36005014900.0,03,2013,2,1471243,1.35939474308e-06
143,36005015100.0,03,2013,3,1471243,2.03909211463e-06
144,36005015300.0,03,2013,1,1471243,6.79697371542e-07
145,36005015700.0,03,2013,2,1471243,1.35939474308e-06
146,36005015800.0,03,2013,1,1471243,6.79697371542e-07
147,36005016300.0,03,2013,3,1471243,2.03909211463e-06
148,36005016500.0,03,2013,3,1471243,2.03909211463e-06
149,36005016700.0,03,2013,4,1471243,2.71878948617e-06
150,36005016900.0,03,2013,1,1471243,6.79697371542e-07
151,36005017300.0,03,2013,7,1471243,4.7578816008e-06
152,36005017701.0,03,2013,5,1471243,3.39848685771e-06
153,36005017702.0,03,2013,2,1471243,1.35939474308e-06
154,36005017901.0,03,2013,1,1471243,6.79697371542e-07
155,36005018102.0,03,2013,13,1471243,8.83606583005e-06
156,36005018301.0,03,2013,14,1471243,9.51576320159e-06
157,36005018302.0,03,2013,11,1471243,7.47667108697e-06
158,36005018500.0,03,2013,33,1471243,2.24300132609e-05
159,36005018900.0,03,2013,28,1471243,1.90315264032e-05
160,36005019300.0,03,2013,14,1471243,9.51576320159e-06
161,36005019400.0,03,2013,1,1471243,6.79697371542e-07
162,36005019500.0,03,2013,31,1471243,2.10706185178e-05
163,36005019700.0,03,2013,20,1471243,1.35939474308e-05
164,36005019900.0,03,2013,12,1471243,8.15636845851e-06
165,36005020000.0,03,2013,3,1471243,2.03909211463e-06
166,36005020100.0,03,2013,6,1471243,4.07818422925e-06
167,36005020200.0,03,2013,1,1471243,6.79697371542e-07
168,36005020501.0,03,2013,10,1471243,6.79697371542e-06
169,36005020601.0,03,2013,18,1471243,1.22345526878e-05
170,36005020900.0,03,2013,1,1471243,6.79697371542e-07
171,36005021001.0,03,2013,2,1471243,1.35939474308e-06
172,36005021002.0,03,2013,3,1471243,2.03909211463e-06
173,36005021100.0,03,2013,1,1471243,6.79697371542e-07
174,36005021200.0,03,2013,1,1471243,6.79697371542e-07
175,36005021301.0,03,2013,6,1471243,4.07818422925e-06
176,36005021302.0,03,2013,1,1471243,6.79697371542e-07
177,36005021501.0,03,2013,1,1471243,6.79697371542e-07
178,36005021601.0,03,2013,7,1471243,4.7578816008e-06
179,36005021602.0,03,2013,2,1471243,1.35939474308e-06
180,36005021700.0,03,2013,14,1471243,9.51576320159e-06
181,36005021900.0,03,2013,6,1471243,4.07818422925e-06
182,36005022000.0,03,2013,1,1471243,6.79697371542e-07
183,36005022101.0,03,2013,2,1471243,1.35939474308e-06
184,36005022102.0,03,2013,5,1471243,3.39848685771e-06
185,36005022200.0,03,2013,8,1471243,5.43757897234e-06
186,36005022300.0,03,2013,2,1471243,1.35939474308e-06
187,36005022401.0,03,2013,2,1471243,1.35939474308e-06
188,36005022403.0,03,2013,5,1471243,3.39848685771e-06
189,36005022404.0,03,2013,1,1471243,6.79697371542e-07
190,36005022500.0,03,2013,2,1471243,1.35939474308e-06
191,36005022701.0,03,2013,32,1471243,2.17503158894e-05
192,36005022702.0,03,2013,2,1471243,1.35939474308e-06
193,36005022901.0,03,2013,1,1471243,6.79697371542e-07
194,36005023000.0,03,2013,1,1471243,6.79697371542e-07
195,36005023100.0,03,2013,3,1471243,2.03909211463e-06
196,36005023200.0,03,2013,2,1471243,1.35939474308e-06
197,36005023301.0,03,2013,19,1471243,1.29142500593e-05
198,36005023302.0,03,2013,1,1471243,6.79697371542e-07
199,36005023501.0,03,2013,3,1471243,2.03909211463e-06
200,36005023502.0,03,2013,4,1471243,2.71878948617e-06
201,36005023600.0,03,2013,2,1471243,1.35939474308e-06
202,36005023703.0,03,2013,4,1471243,2.71878948617e-06
203,36005023800.0,03,2013,5,1471243,3.39848685771e-06
204,36005023900.0,03,2013,2,1471243,1.35939474308e-06
205,36005024000.0,03,2013,1,1471243,6.79697371542e-07
206,36005024100.0,03,2013,7,1471243,4.7578816008e-06
207,36005024300.0,03,2013,2,1471243,1.35939474308e-06
208,36005024700.0,03,2013,2,1471243,1.35939474308e-06
209,36005025100.0,03,2013,7,1471243,4.7578816008e-06
210,36005025300.0,03,2013,2,1471243,1.35939474308e-06
211,36005025400.0,03,2013,1,1471243,6.79697371542e-07
212,36005025500.0,03,2013,4,1471243,2.71878948617e-06
213,36005025600.0,03,2013,2,1471243,1.35939474308e-06
214,36005025700.0,03,2013,3,1471243,2.03909211463e-06
215,36005026100.0,03,2013,2,1471243,1.35939474308e-06
216,36005026300.0,03,2013,10,1471243,6.79697371542e-06
217,36005026500.0,03,2013,4,1471243,2.71878948617e-06
218,36005026701.0,03,2013,1,1471243,6.79697371542e-07
219,36005026702.0,03,2013,1,1471243,6.79697371542e-07
220,36005026900.0,03,2013,6,1471243,4.07818422925e-06
221,36005027300.0,03,2013,8,1471243,5.43757897234e-06
222,36005027700.0,03,2013,1,1471243,6.79697371542e-07
223,36005027900.0,03,2013,2,1471243,1.35939474308e-06
224,36005028100.0,03,2013,1,1471243,6.79697371542e-07
225,36005028300.0,03,2013,1,1471243,6.79697371542e-07
226,36005028400.0,03,2013,2,1471243,1.35939474308e-06
227,36005028500.0,03,2013,2,1471243,1.35939474308e-06
228,36005028600.0,03,2013,1,1471243,6.79697371542e-07
229,36005028900.0,03,2013,6,1471243,4.07818422925e-06
230,36005029302.0,03,2013,3,1471243,2.03909211463e-06
231,36005029500.0,03,2013,3,1471243,2.03909211463e-06
232,36005029600.0,03,2013,2,1471243,1.35939474308e-06
233,36005029700.0,03,2013,1,1471243,6.79697371542e-07
234,36005030200.0,03,2013,1,1471243,6.79697371542e-07
235,36005030701.0,03,2013,2,1471243,1.35939474308e-06
236,36005030900.0,03,2013,6,1471243,4.07818422925e-06
237,36005031000.0,03,2013,1,1471243,6.79697371542e-07
238,36005032300.0,03,2013,1,1471243,6.79697371542e-07
239,36005033000.0,03,2013,3,1471243,2.03909211463e-06
240,36005033201.0,03,2013,1,1471243,6.79697371542e-07
241,36005033400.0,03,2013,4,1471243,2.71878948617e-06
242,36005033500.0,03,2013,8,1471243,5.43757897234e-06
243,36005033700.0,03,2013,1,1471243,6.79697371542e-07
244,36005035100.0,03,2013,1,1471243,6.79697371542e-07
245,36005036502.0,03,2013,3,1471243,2.03909211463e-06
246,36005036800.0,03,2013,1,1471243,6.79697371542e-07
247,36005037000.0,03,2013,1,1471243,6.79697371542e-07
248,36005037100.0,03,2013,2,1471243,1.35939474308e-06
249,36005037300.0,03,2013,2,1471243,1.35939474308e-06
250,36005037400.0,03,2013,1,1471243,6.79697371542e-07
251,36005037800.0,03,2013,1,1471243,6.79697371542e-07
252,36005037900.0,03,2013,1,1471243,6.79697371542e-07
253,36005038100.0,03,2013,1,1471243,6.79697371542e-07
254,36005038301.0,03,2013,3,1471243,2.03909211463e-06
255,36005038302.0,03,2013,1,1471243,6.79697371542e-07
256,36005039000.0,03,2013,1,1471243,6.79697371542e-07
257,36005039500.0,03,2013,3,1471243,2.03909211463e-06
258,36005039700.0,03,2013,5,1471243,3.39848685771e-06
259,36005039901.0,03,2013,1,1471243,6.79697371542e-07
260,36005040100.0,03,2013,2,1471243,1.35939474308e-06
261,36005040303.0,03,2013,1,1471243,6.79697371542e-07
262,36005040501.0,03,2013,2,1471243,1.35939474308e-06
263,36005040800.0,03,2013,1,1471243,6.79697371542e-07
264,36005040900.0,03,2013,1,1471243,6.79697371542e-07
265,36005041500.0,03,2013,2,1471243,1.35939474308e-06
266,36005041900.0,03,2013,2,1471243,1.35939474308e-06
267,36005042000.0,03,2013,1,1471243,6.79697371542e-07
268,36005042100.0,03,2013,7,1471243,4.7578816008e-06
269,36005042200.0,03,2013,1,1471243,6.79697371542e-07
270,36005042400.0,03,2013,2,1471243,1.35939474308e-06
271,36005042500.0,03,2013,2,1471243,1.35939474308e-06
272,36005043100.0,03,2013,4,1471243,2.71878948617e-06
273,36005043400.0,03,2013,1,1471243,6.79697371542e-07
274,36005043500.0,03,2013,2,1471243,1.35939474308e-06
275,36005045102.0,03,2013,1,1471243,6.79697371542e-07
276,36005046201.0,03,2013,2,1471243,1.35939474308e-06
277,36005046202.0,03,2013,1,1471243,6.79697371542e-07
278,36005050400.0,03,2013,1,1471243,6.79697371542e-07
279,36047000100.0,03,2013,423,1471243,0.000287511988162
280,36047000200.0,03,2013,1,1471243,6.79697371542e-07
281,36047000301.0,03,2013,663,1471243,0.000450639357333
282,36047000501.0,03,2013,628,1471243,0.000426849949329
283,36047000502.0,03,2013,1103,1471243,0.000749706200811
284,36047000700.0,03,2013,1038,1471243,0.000705525871661
285,36047000900.0,03,2013,1395,1471243,0.000948177833302
286,36047001100.0,03,2013,309,1471243,0.000210026487807
287,36047001300.0,03,2013,908,1471243,0.00061716521336
288,36047001500.0,03,2013,1519,1471243,0.00103246030737
289,36047001800.0,03,2013,66,1471243,4.48600265218e-05
290,36047002000.0,03,2013,5,1471243,3.39848685771e-06
291,36047002100.0,03,2013,1439,1471243,0.000978084517649
292,36047002200.0,03,2013,7,1471243,4.7578816008e-06
293,36047002300.0,03,2013,40,1471243,2.71878948617e-05
294,36047002901.0,03,2013,17,1471243,1.15548553162e-05
295,36047003100.0,03,2013,144,1471243,9.78764215021e-05
296,36047003300.0,03,2013,256,1471243,0.000174002527115
297,36047003400.0,03,2013,8,1471243,5.43757897234e-06
298,36047003500.0,03,2013,274,1471243,0.000186237079803
299,36047003600.0,03,2013,1,1471243,6.79697371542e-07
300,36047003700.0,03,2013,269,1471243,0.000182838592945
301,36047003800.0,03,2013,2,1471243,1.35939474308e-06
302,36047003900.0,03,2013,385,1471243,0.000261683488044
303,36047004100.0,03,2013,173,1471243,0.000117587645277
304,36047004300.0,03,2013,627,1471243,0.000426170251957
305,36047004500.0,03,2013,1336,1471243,0.000908075688381
306,36047004600.0,03,2013,1,1471243,6.79697371542e-07
307,36047004700.0,03,2013,168,1471243,0.000114189158419
308,36047004900.0,03,2013,154,1471243,0.000104673395218
309,36047005100.0,03,2013,126,1471243,8.56418688143e-05
310,36047005300.0,03,2013,16,1471243,1.08751579447e-05
311,36047005400.0,03,2013,1,1471243,6.79697371542e-07
312,36047005800.0,03,2013,1,1471243,6.79697371542e-07
313,36047005900.0,03,2013,54,1471243,3.67036580633e-05
314,36047006200.0,03,2013,11,1471243,7.47667108697e-06
315,36047006300.0,03,2013,168,1471243,0.000114189158419
316,36047006400.0,03,2013,1,1471243,6.79697371542e-07
317,36047006500.0,03,2013,2375,1471243,0.00161428125741
318,36047006700.0,03,2013,1884,1471243,0.00128054984799
319,36047006900.0,03,2013,218,1471243,0.000148174026996
320,36047007000.0,03,2013,6,1471243,4.07818422925e-06
321,36047007100.0,03,2013,8,1471243,5.43757897234e-06
322,36047007200.0,03,2013,1,1471243,6.79697371542e-07
323,36047007400.0,03,2013,4,1471243,2.71878948617e-06
324,36047007500.0,03,2013,240,1471243,0.00016312736917
325,36047007600.0,03,2013,7,1471243,4.7578816008e-06
326,36047007700.0,03,2013,411,1471243,0.000279355619704
327,36047007800.0,03,2013,9,1471243,6.11727634388e-06
328,36047008000.0,03,2013,9,1471243,6.11727634388e-06
329,36047008200.0,03,2013,4,1471243,2.71878948617e-06
330,36047008400.0,03,2013,24,1471243,1.6312736917e-05
331,36047008500.0,03,2013,1,1471243,6.79697371542e-07
332,36047008800.0,03,2013,1,1471243,6.79697371542e-07
333,36047009200.0,03,2013,1,1471243,6.79697371542e-07
334,36047009400.0,03,2013,1,1471243,6.79697371542e-07
335,36047010000.0,03,2013,1,1471243,6.79697371542e-07
336,36047010100.0,03,2013,46,1471243,3.12660790909e-05
337,36047010200.0,03,2013,1,1471243,6.79697371542e-07
338,36047010800.0,03,2013,1,1471243,6.79697371542e-07
339,36047011200.0,03,2013,2,1471243,1.35939474308e-06
340,36047011400.0,03,2013,3,1471243,2.03909211463e-06
341,36047011700.0,03,2013,23,1471243,1.56330395455e-05
342,36047011900.0,03,2013,136,1471243,9.24388425298e-05
343,36047012000.0,03,2013,4,1471243,2.71878948617e-06
344,36047012100.0,03,2013,34,1471243,2.31097106324e-05
345,36047012200.0,03,2013,2,1471243,1.35939474308e-06
346,36047012600.0,03,2013,3,1471243,2.03909211463e-06
347,36047012700.0,03,2013,116,1471243,7.88448950989e-05
348,36047012801.0,03,2013,2,1471243,1.35939474308e-06
349,36047012901.0,03,2013,275,1471243,0.000186916777174
350,36047012902.0,03,2013,111,1471243,7.54464082412e-05
351,36047013000.0,03,2013,8,1471243,5.43757897234e-06
352,36047013100.0,03,2013,109,1471243,7.40870134981e-05
353,36047013200.0,03,2013,2,1471243,1.35939474308e-06
354,36047013300.0,03,2013,139,1471243,9.44779346444e-05
355,36047013400.0,03,2013,2,1471243,1.35939474308e-06
356,36047013500.0,03,2013,130,1471243,8.83606583005e-05
357,36047013600.0,03,2013,1,1471243,6.79697371542e-07
358,36047013700.0,03,2013,142,1471243,9.6517026759e-05
359,36047013800.0,03,2013,3,1471243,2.03909211463e-06
360,36047013900.0,03,2013,86,1471243,5.84539739526e-05
361,36047014100.0,03,2013,141,1471243,9.58373293875e-05
362,36047014200.0,03,2013,2,1471243,1.35939474308e-06
363,36047014300.0,03,2013,50,1471243,3.39848685771e-05
364,36047014500.0,03,2013,39,1471243,2.65081974901e-05
365,36047014700.0,03,2013,1,1471243,6.79697371542e-07
366,36047014900.0,03,2013,30,1471243,2.03909211463e-05
367,36047015100.0,03,2013,14,1471243,9.51576320159e-06
368,36047015200.0,03,2013,5,1471243,3.39848685771e-06
369,36047015300.0,03,2013,17,1471243,1.15548553162e-05
370,36047015400.0,03,2013,1,1471243,6.79697371542e-07
371,36047015500.0,03,2013,12,1471243,8.15636845851e-06
372,36047015700.0,03,2013,10,1471243,6.79697371542e-06
373,36047015900.0,03,2013,197,1471243,0.000133900382194
374,36047016000.0,03,2013,2,1471243,1.35939474308e-06
375,36047016100.0,03,2013,280,1471243,0.000190315264032
376,36047016300.0,03,2013,28,1471243,1.90315264032e-05
377,36047016400.0,03,2013,5,1471243,3.39848685771e-06
378,36047016500.0,03,2013,16,1471243,1.08751579447e-05
379,36047016700.0,03,2013,11,1471243,7.47667108697e-06
380,36047016900.0,03,2013,6,1471243,4.07818422925e-06
381,36047017000.0,03,2013,1,1471243,6.79697371542e-07
382,36047017500.0,03,2013,2,1471243,1.35939474308e-06
383,36047017700.0,03,2013,50,1471243,3.39848685771e-05
384,36047017800.0,03,2013,6,1471243,4.07818422925e-06
385,36047017900.0,03,2013,42,1471243,2.85472896048e-05
386,36047018100.0,03,2013,19,1471243,1.29142500593e-05
387,36047018200.0,03,2013,1,1471243,6.79697371542e-07
388,36047018300.0,03,2013,100,1471243,6.79697371542e-05
389,36047018501.0,03,2013,23,1471243,1.56330395455e-05
390,36047018700.0,03,2013,31,1471243,2.10706185178e-05
391,36047019100.0,03,2013,50,1471243,3.39848685771e-05
392,36047019300.0,03,2013,53,1471243,3.60239606917e-05
393,36047019500.0,03,2013,71,1471243,4.82585133795e-05
394,36047019700.0,03,2013,36,1471243,2.44691053755e-05
395,36047019900.0,03,2013,24,1471243,1.6312736917e-05
396,36047020100.0,03,2013,23,1471243,1.56330395455e-05
397,36047020300.0,03,2013,10,1471243,6.79697371542e-06
398,36047020500.0,03,2013,6,1471243,4.07818422925e-06
399,36047020600.0,03,2013,1,1471243,6.79697371542e-07
400,36047020700.0,03,2013,9,1471243,6.11727634388e-06
401,36047021100.0,03,2013,8,1471243,5.43757897234e-06
402,36047021200.0,03,2013,3,1471243,2.03909211463e-06
403,36047021300.0,03,2013,8,1471243,5.43757897234e-06
404,36047021400.0,03,2013,2,1471243,1.35939474308e-06
405,36047021500.0,03,2013,19,1471243,1.29142500593e-05
406,36047021700.0,03,2013,7,1471243,4.7578816008e-06
407,36047021900.0,03,2013,9,1471243,6.11727634388e-06
408,36047022000.0,03,2013,1,1471243,6.79697371542e-07
409,36047022100.0,03,2013,5,1471243,3.39848685771e-06
410,36047022200.0,03,2013,1,1471243,6.79697371542e-07
411,36047022400.0,03,2013,1,1471243,6.79697371542e-07
412,36047022600.0,03,2013,1,1471243,6.79697371542e-07
413,36047022700.0,03,2013,14,1471243,9.51576320159e-06
414,36047022800.0,03,2013,1,1471243,6.79697371542e-07
415,36047022900.0,03,2013,9,1471243,6.11727634388e-06
416,36047023000.0,03,2013,1,1471243,6.79697371542e-07
417,36047023100.0,03,2013,3,1471243,2.03909211463e-06
418,36047023200.0,03,2013,1,1471243,6.79697371542e-07
419,36047023300.0,03,2013,27,1471243,1.83518290316e-05
420,36047023500.0,03,2013,16,1471243,1.08751579447e-05
421,36047023600.0,03,2013,1,1471243,6.79697371542e-07
422,36047024100.0,03,2013,14,1471243,9.51576320159e-06
423,36047024300.0,03,2013,14,1471243,9.51576320159e-06
424,36047024400.0,03,2013,2,1471243,1.35939474308e-06
425,36047024500.0,03,2013,10,1471243,6.79697371542e-06
426,36047024600.0,03,2013,1,1471243,6.79697371542e-07
427,36047024700.0,03,2013,26,1471243,1.76721316601e-05
428,36047024900.0,03,2013,4,1471243,2.71878948617e-06
429,36047025100.0,03,2013,6,1471243,4.07818422925e-06
430,36047025200.0,03,2013,1,1471243,6.79697371542e-07
431,36047025300.0,03,2013,7,1471243,4.7578816008e-06
432,36047025400.0,03,2013,1,1471243,6.79697371542e-07
433,36047025500.0,03,2013,5,1471243,3.39848685771e-06
434,36047025600.0,03,2013,2,1471243,1.35939474308e-06
435,36047025700.0,03,2013,1,1471243,6.79697371542e-07
436,36047025800.0,03,2013,1,1471243,6.79697371542e-07
437,36047026000.0,03,2013,1,1471243,6.79697371542e-07
438,36047026100.0,03,2013,5,1471243,3.39848685771e-06
439,36047026700.0,03,2013,2,1471243,1.35939474308e-06
440,36047026900.0,03,2013,3,1471243,2.03909211463e-06
441,36047027100.0,03,2013,7,1471243,4.7578816008e-06
442,36047027300.0,03,2013,2,1471243,1.35939474308e-06
443,36047027400.0,03,2013,8,1471243,5.43757897234e-06
444,36047027700.0,03,2013,2,1471243,1.35939474308e-06
445,36047027800.0,03,2013,1,1471243,6.79697371542e-07
446,36047027900.0,03,2013,1,1471243,6.79697371542e-07
447,36047028100.0,03,2013,3,1471243,2.03909211463e-06
448,36047028200.0,03,2013,4,1471243,2.71878948617e-06
449,36047028300.0,03,2013,1,1471243,6.79697371542e-07
450,36047028400.0,03,2013,1,1471243,6.79697371542e-07
451,36047028501.0,03,2013,5,1471243,3.39848685771e-06
452,36047028502.0,03,2013,3,1471243,2.03909211463e-06
453,36047028600.0,03,2013,4,1471243,2.71878948617e-06
454,36047028700.0,03,2013,1,1471243,6.79697371542e-07
455,36047028800.0,03,2013,3,1471243,2.03909211463e-06
456,36047028900.0,03,2013,1,1471243,6.79697371542e-07
457,36047029000.0,03,2013,2,1471243,1.35939474308e-06
458,36047029100.0,03,2013,2,1471243,1.35939474308e-06
459,36047029200.0,03,2013,1,1471243,6.79697371542e-07
460,36047029300.0,03,2013,1,1471243,6.79697371542e-07
461,36047029400.0,03,2013,1,1471243,6.79697371542e-07
462,36047029500.0,03,2013,2,1471243,1.35939474308e-06
463,36047029700.0,03,2013,1,1471243,6.79697371542e-07
464,36047029800.0,03,2013,1,1471243,6.79697371542e-07
465,36047029900.0,03,2013,1,1471243,6.79697371542e-07
466,36047030100.0,03,2013,2,1471243,1.35939474308e-06
467,36047030300.0,03,2013,6,1471243,4.07818422925e-06
468,36047030400.0,03,2013,1,1471243,6.79697371542e-07
469,36047030500.0,03,2013,3,1471243,2.03909211463e-06
470,36047030700.0,03,2013,2,1471243,1.35939474308e-06
471,36047030800.0,03,2013,1,1471243,6.79697371542e-07
472,36047030900.0,03,2013,1,1471243,6.79697371542e-07
473,36047031100.0,03,2013,5,1471243,3.39848685771e-06
474,36047031300.0,03,2013,2,1471243,1.35939474308e-06
475,36047031400.0,03,2013,1,1471243,6.79697371542e-07
476,36047031500.0,03,2013,7,1471243,4.7578816008e-06
477,36047031701.0,03,2013,2,1471243,1.35939474308e-06
478,36047031702.0,03,2013,12,1471243,8.15636845851e-06
479,36047031900.0,03,2013,2,1471243,1.35939474308e-06
480,36047032100.0,03,2013,2,1471243,1.35939474308e-06
481,36047032300.0,03,2013,5,1471243,3.39848685771e-06
482,36047032500.0,03,2013,2,1471243,1.35939474308e-06
483,36047032600.0,03,2013,1,1471243,6.79697371542e-07
484,36047032700.0,03,2013,46,1471243,3.12660790909e-05
485,36047032800.0,03,2013,1,1471243,6.79697371542e-07
486,36047033100.0,03,2013,3,1471243,2.03909211463e-06
487,36047033300.0,03,2013,4,1471243,2.71878948617e-06
488,36047033500.0,03,2013,7,1471243,4.7578816008e-06
489,36047033700.0,03,2013,4,1471243,2.71878948617e-06
490,36047033900.0,03,2013,2,1471243,1.35939474308e-06
491,36047034100.0,03,2013,2,1471243,1.35939474308e-06
492,36047034300.0,03,2013,1,1471243,6.79697371542e-07
493,36047034800.0,03,2013,2,1471243,1.35939474308e-06
494,36047034900.0,03,2013,1,1471243,6.79697371542e-07
495,36047035100.0,03,2013,3,1471243,2.03909211463e-06
496,36047035300.0,03,2013,7,1471243,4.7578816008e-06
497,36047035500.0,03,2013,2,1471243,1.35939474308e-06
498,36047035700.0,03,2013,1,1471243,6.79697371542e-07
499,36047035900.0,03,2013,1,1471243,6.79697371542e-07
500,36047036200.0,03,2013,1,1471243,6.79697371542e-07
501,36047036300.0,03,2013,1,1471243,6.79697371542e-07
502,36047036400.0,03,2013,3,1471243,2.03909211463e-06
503,36047036501.0,03,2013,3,1471243,2.03909211463e-06
504,36047036502.0,03,2013,2,1471243,1.35939474308e-06
505,36047036700.0,03,2013,3,1471243,2.03909211463e-06
506,36047036900.0,03,2013,4,1471243,2.71878948617e-06
507,36047037000.0,03,2013,8,1471243,5.43757897234e-06
508,36047037100.0,03,2013,1,1471243,6.79697371542e-07
509,36047037300.0,03,2013,1,1471243,6.79697371542e-07
510,36047037401.0,03,2013,1,1471243,6.79697371542e-07
511,36047038100.0,03,2013,6,1471243,4.07818422925e-06
512,36047038600.0,03,2013,1,1471243,6.79697371542e-07
513,36047038900.0,03,2013,9,1471243,6.11727634388e-06
514,36047039000.0,03,2013,1,1471243,6.79697371542e-07
515,36047039100.0,03,2013,12,1471243,8.15636845851e-06
516,36047039300.0,03,2013,4,1471243,2.71878948617e-06
517,36047039400.0,03,2013,1,1471243,6.79697371542e-07
518,36047039500.0,03,2013,1,1471243,6.79697371542e-07
519,36047039700.0,03,2013,1,1471243,6.79697371542e-07
520,36047040000.0,03,2013,1,1471243,6.79697371542e-07
521,36047040100.0,03,2013,2,1471243,1.35939474308e-06
522,36047040300.0,03,2013,1,1471243,6.79697371542e-07
523,36047040500.0,03,2013,1,1471243,6.79697371542e-07
524,36047040700.0,03,2013,1,1471243,6.79697371542e-07
525,36047041300.0,03,2013,3,1471243,2.03909211463e-06
526,36047041700.0,03,2013,7,1471243,4.7578816008e-06
527,36047041800.0,03,2013,1,1471243,6.79697371542e-07
528,36047041900.0,03,2013,1,1471243,6.79697371542e-07
529,36047042000.0,03,2013,2,1471243,1.35939474308e-06
530,36047042100.0,03,2013,1,1471243,6.79697371542e-07
531,36047042200.0,03,2013,2,1471243,1.35939474308e-06
532,36047042300.0,03,2013,2,1471243,1.35939474308e-06
533,36047042700.0,03,2013,2,1471243,1.35939474308e-06
534,36047042900.0,03,2013,1,1471243,6.79697371542e-07
535,36047043000.0,03,2013,1,1471243,6.79697371542e-07
536,36047043100.0,03,2013,4,1471243,2.71878948617e-06
537,36047043200.0,03,2013,2,1471243,1.35939474308e-06
538,36047043300.0,03,2013,1,1471243,6.79697371542e-07
539,36047043600.0,03,2013,1,1471243,6.79697371542e-07
540,36047043700.0,03,2013,1,1471243,6.79697371542e-07
541,36047043800.0,03,2013,1,1471243,6.79697371542e-07
542,36047043900.0,03,2013,1,1471243,6.79697371542e-07
543,36047044100.0,03,2013,1,1471243,6.79697371542e-07
544,36047044300.0,03,2013,1,1471243,6.79697371542e-07
545,36047044400.0,03,2013,8,1471243,5.43757897234e-06
546,36047044600.0,03,2013,1,1471243,6.79697371542e-07
547,36047044700.0,03,2013,2,1471243,1.35939474308e-06
548,36047044800.0,03,2013,26,1471243,1.76721316601e-05
549,36047044900.0,03,2013,23,1471243,1.56330395455e-05
550,36047045000.0,03,2013,14,1471243,9.51576320159e-06
551,36047045200.0,03,2013,3,1471243,2.03909211463e-06
552,36047045300.0,03,2013,2,1471243,1.35939474308e-06
553,36047045400.0,03,2013,1,1471243,6.79697371542e-07
554,36047045600.0,03,2013,1,1471243,6.79697371542e-07
555,36047045800.0,03,2013,3,1471243,2.03909211463e-06
556,36047046000.0,03,2013,9,1471243,6.11727634388e-06
557,36047046201.0,03,2013,4,1471243,2.71878948617e-06
558,36047046202.0,03,2013,4,1471243,2.71878948617e-06
559,36047046800.0,03,2013,3,1471243,2.03909211463e-06
560,36047047000.0,03,2013,1,1471243,6.79697371542e-07
561,36047047400.0,03,2013,2,1471243,1.35939474308e-06
562,36047047600.0,03,2013,1,1471243,6.79697371542e-07
563,36047047700.0,03,2013,21,1471243,1.42736448024e-05
564,36047047800.0,03,2013,22,1471243,1.49533421739e-05
565,36047048000.0,03,2013,2,1471243,1.35939474308e-06
566,36047048100.0,03,2013,8,1471243,5.43757897234e-06
567,36047048200.0,03,2013,11,1471243,7.47667108697e-06
568,36047048400.0,03,2013,8,1471243,5.43757897234e-06
569,36047048500.0,03,2013,6,1471243,4.07818422925e-06
570,36047048600.0,03,2013,29,1471243,1.97112237747e-05
571,36047048800.0,03,2013,10,1471243,6.79697371542e-06
572,36047048900.0,03,2013,1,1471243,6.79697371542e-07
573,36047049000.0,03,2013,35,1471243,2.3789408004e-05
574,36047049100.0,03,2013,22,1471243,1.49533421739e-05
575,36047049200.0,03,2013,24,1471243,1.6312736917e-05
576,36047049300.0,03,2013,5,1471243,3.39848685771e-06
577,36047049400.0,03,2013,55,1471243,3.73833554348e-05
578,36047049500.0,03,2013,13,1471243,8.83606583005e-06
579,36047049600.0,03,2013,18,1471243,1.22345526878e-05
580,36047049700.0,03,2013,13,1471243,8.83606583005e-06
581,36047049800.0,03,2013,11,1471243,7.47667108697e-06
582,36047049900.0,03,2013,26,1471243,1.76721316601e-05
583,36047050000.0,03,2013,4,1471243,2.71878948617e-06
584,36047050100.0,03,2013,26,1471243,1.76721316601e-05
585,36047050202.0,03,2013,4,1471243,2.71878948617e-06
586,36047050300.0,03,2013,10,1471243,6.79697371542e-06
587,36047050400.0,03,2013,58,1471243,3.94224475495e-05
588,36047050500.0,03,2013,3,1471243,2.03909211463e-06
589,36047050600.0,03,2013,5,1471243,3.39848685771e-06
590,36047050700.0,03,2013,5,1471243,3.39848685771e-06
591,36047050801.0,03,2013,11,1471243,7.47667108697e-06
592,36047050803.0,03,2013,6,1471243,4.07818422925e-06
593,36047050804.0,03,2013,2,1471243,1.35939474308e-06
594,36047050900.0,03,2013,10,1471243,6.79697371542e-06
595,36047051100.0,03,2013,5,1471243,3.39848685771e-06
596,36047051300.0,03,2013,43,1471243,2.92269869763e-05
597,36047051400.0,03,2013,2,1471243,1.35939474308e-06
598,36047051500.0,03,2013,5,1471243,3.39848685771e-06
599,36047051602.0,03,2013,6,1471243,4.07818422925e-06
600,36047051700.0,03,2013,42,1471243,2.85472896048e-05
601,36047051900.0,03,2013,180,1471243,0.000122345526878
602,36047052000.0,03,2013,1,1471243,6.79697371542e-07
603,36047052300.0,03,2013,484,1471243,0.000328973527826
604,36047052500.0,03,2013,65,1471243,4.41803291502e-05
605,36047052600.0,03,2013,44,1471243,2.99066843479e-05
606,36047052700.0,03,2013,10,1471243,6.79697371542e-06
607,36047052800.0,03,2013,3,1471243,2.03909211463e-06
608,36047052900.0,03,2013,15,1471243,1.01954605731e-05
609,36047053000.0,03,2013,13,1471243,8.83606583005e-06
610,36047053100.0,03,2013,1,1471243,6.79697371542e-07
611,36047053200.0,03,2013,6,1471243,4.07818422925e-06
612,36047053300.0,03,2013,2,1471243,1.35939474308e-06
613,36047053400.0,03,2013,2,1471243,1.35939474308e-06
614,36047053500.0,03,2013,6,1471243,4.07818422925e-06
615,36047053700.0,03,2013,4,1471243,2.71878948617e-06
616,36047053800.0,03,2013,2,1471243,1.35939474308e-06
617,36047054200.0,03,2013,3,1471243,2.03909211463e-06
618,36047054300.0,03,2013,32,1471243,2.17503158894e-05
619,36047054400.0,03,2013,2,1471243,1.35939474308e-06
620,36047054500.0,03,2013,19,1471243,1.29142500593e-05
621,36047054700.0,03,2013,1,1471243,6.79697371542e-07
622,36047054900.0,03,2013,58,1471243,3.94224475495e-05
623,36047055100.0,03,2013,71,1471243,4.82585133795e-05
624,36047055300.0,03,2013,153,1471243,0.000103993697846
625,36047055400.0,03,2013,7,1471243,4.7578816008e-06
626,36047055500.0,03,2013,22,1471243,1.49533421739e-05
627,36047055600.0,03,2013,7,1471243,4.7578816008e-06
628,36047055700.0,03,2013,10,1471243,6.79697371542e-06
629,36047056100.0,03,2013,27,1471243,1.83518290316e-05
630,36047056300.0,03,2013,16,1471243,1.08751579447e-05
631,36047056500.0,03,2013,22,1471243,1.49533421739e-05
632,36047056900.0,03,2013,25,1471243,1.69924342886e-05
633,36047057100.0,03,2013,30,1471243,2.03909211463e-05
634,36047057300.0,03,2013,13,1471243,8.83606583005e-06
635,36047057500.0,03,2013,36,1471243,2.44691053755e-05
636,36047057900.0,03,2013,50,1471243,3.39848685771e-05
637,36047058000.0,03,2013,1,1471243,6.79697371542e-07
638,36047058200.0,03,2013,4,1471243,2.71878948617e-06
639,36047058400.0,03,2013,1,1471243,6.79697371542e-07
640,36047058800.0,03,2013,18,1471243,1.22345526878e-05
641,36047058900.0,03,2013,5,1471243,3.39848685771e-06
642,36047059100.0,03,2013,8,1471243,5.43757897234e-06
643,36047059300.0,03,2013,2,1471243,1.35939474308e-06
644,36047059401.0,03,2013,1,1471243,6.79697371542e-07
645,36047059402.0,03,2013,1,1471243,6.79697371542e-07
646,36047060600.0,03,2013,1,1471243,6.79697371542e-07
647,36047061003.0,03,2013,3,1471243,2.03909211463e-06
648,36047061004.0,03,2013,2,1471243,1.35939474308e-06
649,36047065000.0,03,2013,1,1471243,6.79697371542e-07
650,36047065800.0,03,2013,1,1471243,6.79697371542e-07
651,36047066600.0,03,2013,6,1471243,4.07818422925e-06
652,36047068000.0,03,2013,2,1471243,1.35939474308e-06
653,36047070203.0,03,2013,4,1471243,2.71878948617e-06
654,36047070600.0,03,2013,9,1471243,6.11727634388e-06
655,36047072000.0,03,2013,1,1471243,6.79697371542e-07
656,36047073200.0,03,2013,1,1471243,6.79697371542e-07
657,36047073600.0,03,2013,2,1471243,1.35939474308e-06
658,36047073800.0,03,2013,2,1471243,1.35939474308e-06
659,36047074000.0,03,2013,1,1471243,6.79697371542e-07
660,36047074200.0,03,2013,2,1471243,1.35939474308e-06
661,36047074600.0,03,2013,1,1471243,6.79697371542e-07
662,36047074800.0,03,2013,2,1471243,1.35939474308e-06
663,36047075000.0,03,2013,2,1471243,1.35939474308e-06
664,36047075200.0,03,2013,3,1471243,2.03909211463e-06
665,36047075600.0,03,2013,1,1471243,6.79697371542e-07
666,36047076000.0,03,2013,1,1471243,6.79697371542e-07
667,36047076400.0,03,2013,2,1471243,1.35939474308e-06
668,36047076600.0,03,2013,1,1471243,6.79697371542e-07
669,36047076800.0,03,2013,7,1471243,4.7578816008e-06
670,36047077000.0,03,2013,1,1471243,6.79697371542e-07
671,36047077200.0,03,2013,5,1471243,3.39848685771e-06
672,36047078200.0,03,2013,1,1471243,6.79697371542e-07
673,36047078400.0,03,2013,1,1471243,6.79697371542e-07
674,36047078600.0,03,2013,1,1471243,6.79697371542e-07
675,36047078800.0,03,2013,2,1471243,1.35939474308e-06
676,36047079000.0,03,2013,16,1471243,1.08751579447e-05
677,36047079200.0,03,2013,4,1471243,2.71878948617e-06
678,36047079400.0,03,2013,7,1471243,4.7578816008e-06
679,36047079601.0,03,2013,34,1471243,2.31097106324e-05
680,36047079602.0,03,2013,35,1471243,2.3789408004e-05
681,36047079801.0,03,2013,22,1471243,1.49533421739e-05
682,36047079802.0,03,2013,37,1471243,2.51488027471e-05
683,36047080400.0,03,2013,2,1471243,1.35939474308e-06
684,36047080600.0,03,2013,2,1471243,1.35939474308e-06
685,36047080800.0,03,2013,1,1471243,6.79697371542e-07
686,36047081400.0,03,2013,1,1471243,6.79697371542e-07
687,36047081800.0,03,2013,1,1471243,6.79697371542e-07
688,36047082000.0,03,2013,1,1471243,6.79697371542e-07
689,36047082200.0,03,2013,3,1471243,2.03909211463e-06
690,36047082600.0,03,2013,2,1471243,1.35939474308e-06
691,36047083200.0,03,2013,1,1471243,6.79697371542e-07
692,36047083600.0,03,2013,1,1471243,6.79697371542e-07
693,36047085600.0,03,2013,2,1471243,1.35939474308e-06
694,36047086400.0,03,2013,1,1471243,6.79697371542e-07
695,36047087000.0,03,2013,2,1471243,1.35939474308e-06
696,36047087200.0,03,2013,1,1471243,6.79697371542e-07
697,36047087800.0,03,2013,1,1471243,6.79697371542e-07
698,36047088000.0,03,2013,9,1471243,6.11727634388e-06
699,36047088600.0,03,2013,3,1471243,2.03909211463e-06
700,36047088800.0,03,2013,1,1471243,6.79697371542e-07
701,36047089000.0,03,2013,3,1471243,2.03909211463e-06
702,36047089200.0,03,2013,13,1471243,8.83606583005e-06
703,36047089400.0,03,2013,3,1471243,2.03909211463e-06
704,36047089800.0,03,2013,1,1471243,6.79697371542e-07
705,36047090000.0,03,2013,1,1471243,6.79697371542e-07
706,36047090800.0,03,2013,1,1471243,6.79697371542e-07
707,36047092000.0,03,2013,1,1471243,6.79697371542e-07
708,36047092400.0,03,2013,1,1471243,6.79697371542e-07
709,36047092800.0,03,2013,1,1471243,6.79697371542e-07
710,36047093000.0,03,2013,1,1471243,6.79697371542e-07
711,36047093400.0,03,2013,1,1471243,6.79697371542e-07
712,36047093800.0,03,2013,2,1471243,1.35939474308e-06
713,36047095400.0,03,2013,2,1471243,1.35939474308e-06
714,36047095600.0,03,2013,2,1471243,1.35939474308e-06
715,36047096000.0,03,2013,1,1471243,6.79697371542e-07
716,36047096200.0,03,2013,3,1471243,2.03909211463e-06
717,36047096600.0,03,2013,2,1471243,1.35939474308e-06
718,36047098200.0,03,2013,7,1471243,4.7578816008e-06
719,36047098600.0,03,2013,1,1471243,6.79697371542e-07
720,36047099000.0,03,2013,1,1471243,6.79697371542e-07
721,36047101000.0,03,2013,1,1471243,6.79697371542e-07
722,36047101800.0,03,2013,1,1471243,6.79697371542e-07
723,36047102400.0,03,2013,2,1471243,1.35939474308e-06
724,36047102800.0,03,2013,2,1471243,1.35939474308e-06
725,36047103400.0,03,2013,1,1471243,6.79697371542e-07
726,36047105801.0,03,2013,1,1471243,6.79697371542e-07
727,36047107000.0,03,2013,1,1471243,6.79697371542e-07
728,36047107800.0,03,2013,1,1471243,6.79697371542e-07
729,36047113000.0,03,2013,1,1471243,6.79697371542e-07
730,36047114400.0,03,2013,2,1471243,1.35939474308e-06
731,36047114600.0,03,2013,1,1471243,6.79697371542e-07
732,36047117800.0,03,2013,1,1471243,6.79697371542e-07
733,36047118800.0,03,2013,2,1471243,1.35939474308e-06
734,36047119000.0,03,2013,1,1471243,6.79697371542e-07
735,36047119200.0,03,2013,10,1471243,6.79697371542e-06
736,36047119600.0,03,2013,10,1471243,6.79697371542e-06
737,36047119800.0,03,2013,7,1471243,4.7578816008e-06
738,36047120000.0,03,2013,6,1471243,4.07818422925e-06
739,36047121000.0,03,2013,10,1471243,6.79697371542e-06
740,36047123700.0,03,2013,16,1471243,1.08751579447e-05
741,36047150200.0,03,2013,22,1471243,1.49533421739e-05
742,36047152200.0,03,2013,51,1471243,3.46645659487e-05
743,36059300100.0,03,2013,2,1471243,1.35939474308e-06
744,36059300300.0,03,2013,1,1471243,6.79697371542e-07
745,36059300500.0,03,2013,1,1471243,6.79697371542e-07
746,36059300600.0,03,2013,1,1471243,6.79697371542e-07
747,36059300700.0,03,2013,1,1471243,6.79697371542e-07
748,36059300900.0,03,2013,3,1471243,2.03909211463e-06
749,36059301200.0,03,2013,1,1471243,6.79697371542e-07
750,36059301600.0,03,2013,1,1471243,6.79697371542e-07
751,36059301800.0,03,2013,1,1471243,6.79697371542e-07
752,36059302800.0,03,2013,2,1471243,1.35939474308e-06
753,36059303000.0,03,2013,5,1471243,3.39848685771e-06
754,36059303700.0,03,2013,1,1471243,6.79697371542e-07
755,36059303800.0,03,2013,1,1471243,6.79697371542e-07
756,36059404300.0,03,2013,4,1471243,2.71878948617e-06
757,36059404400.0,03,2013,2,1471243,1.35939474308e-06
758,36059404800.0,03,2013,2,1471243,1.35939474308e-06
759,36059405200.0,03,2013,2,1471243,1.35939474308e-06
760,36059405301.0,03,2013,1,1471243,6.79697371542e-07
761,36059406300.0,03,2013,1,1471243,6.79697371542e-07
762,36059406400.0,03,2013,5,1471243,3.39848685771e-06
763,36059406501.0,03,2013,3,1471243,2.03909211463e-06
764,36059406702.0,03,2013,1,1471243,6.79697371542e-07
765,36059406801.0,03,2013,1,1471243,6.79697371542e-07
766,36059407301.0,03,2013,1,1471243,6.79697371542e-07
767,36059407402.0,03,2013,1,1471243,6.79697371542e-07
768,36059407502.0,03,2013,1,1471243,6.79697371542e-07
769,36059407700.0,03,2013,1,1471243,6.79697371542e-07
770,36059409800.0,03,2013,4,1471243,2.71878948617e-06
771,36059410700.0,03,2013,1,1471243,6.79697371542e-07
772,36059410900.0,03,2013,1,1471243,6.79697371542e-07
773,36059411600.0,03,2013,1,1471243,6.79697371542e-07
774,36059411901.0,03,2013,1,1471243,6.79697371542e-07
775,36059413100.0,03,2013,1,1471243,6.79697371542e-07
776,36059414400.0,03,2013,1,1471243,6.79697371542e-07
777,36059414800.0,03,2013,1,1471243,6.79697371542e-07
778,36059415600.0,03,2013,1,1471243,6.79697371542e-07
779,36059518501.0,03,2013,1,1471243,6.79697371542e-07
780,36059518502.0,03,2013,1,1471243,6.79697371542e-07
781,36059518900.0,03,2013,1,1471243,6.79697371542e-07
782,36059519500.0,03,2013,1,1471243,6.79697371542e-07
783,36059519702.0,03,2013,1,1471243,6.79697371542e-07
784,36059520502.0,03,2013,1,1471243,6.79697371542e-07
785,36059980100.0,03,2013,4,1471243,2.71878948617e-06
786,36059981100.0,03,2013,2,1471243,1.35939474308e-06
787,36061000201.0,03,2013,19,1471243,1.29142500593e-05
788,36061000202.0,03,2013,63,1471243,4.28209344072e-05
789,36061000500.0,03,2013,2,1471243,1.35939474308e-06
790,36061000600.0,03,2013,398,1471243,0.000270519553874
791,36061000700.0,03,2013,7516,1471243,0.00510860544451
792,36061000800.0,03,2013,558,1471243,0.000379271133321
793,36061000900.0,03,2013,4452,1471243,0.00302601269811
794,36061001001.0,03,2013,91,1471243,6.18524608103e-05
795,36061001002.0,03,2013,146,1471243,9.92358162452e-05
796,36061001200.0,03,2013,143,1471243,9.71967241305e-05
797,36061001300.0,03,2013,5094,1471243,0.00346237841064
798,36061001401.0,03,2013,136,1471243,9.24388425298e-05
799,36061001402.0,03,2013,998,1471243,0.000678337976799
800,36061001501.0,03,2013,3067,1471243,0.00208463183852
801,36061001502.0,03,2013,4028,1471243,0.00273782101257
802,36061001600.0,03,2013,1843,1471243,0.00125268225575
803,36061001800.0,03,2013,3744,1471243,0.00254478695905
804,36061002000.0,03,2013,848,1471243,0.000576383371068
805,36061002100.0,03,2013,8669,1471243,0.0058922965139
806,36061002201.0,03,2013,468,1471243,0.000318098369882
807,36061002202.0,03,2013,1878,1471243,0.00127647166376
808,36061002400.0,03,2013,27,1471243,1.83518290316e-05
809,36061002500.0,03,2013,265,1471243,0.000180119803459
810,36061002601.0,03,2013,425,1471243,0.000288871382905
811,36061002602.0,03,2013,611,1471243,0.000415295094012
812,36061002700.0,03,2013,329,1471243,0.000223620435237
813,36061002800.0,03,2013,849,1471243,0.000577063068439
814,36061002900.0,03,2013,890,1471243,0.000604930660673
815,36061003001.0,03,2013,2359,1471243,0.00160340609947
816,36061003002.0,03,2013,2639,1471243,0.0017937213635
817,36061003100.0,03,2013,2470,1471243,0.00167885250771
818,36061003200.0,03,2013,4506,1471243,0.00306271635617
819,36061003300.0,03,2013,11585,1471243,0.00787429404932
820,36061003400.0,03,2013,3532,1471243,0.00240069111629
821,36061003601.0,03,2013,839,1471243,0.000570266094724
822,36061003602.0,03,2013,2921,1471243,0.00198539602228
823,36061003700.0,03,2013,8668,1471243,0.00589161681653
824,36061003800.0,03,2013,5017,1471243,0.00341004171303
825,36061003900.0,03,2013,9303,1471243,0.00632322464746
826,36061004000.0,03,2013,5748,1471243,0.00390690049163
827,36061004100.0,03,2013,2152,1471243,0.00146270874356
828,36061004200.0,03,2013,3511,1471243,0.00238641747148
829,36061004300.0,03,2013,4348,1471243,0.00295532417147
830,36061004400.0,03,2013,5502,1471243,0.00373969493823
831,36061004500.0,03,2013,2811,1471243,0.00191062931141
832,36061004700.0,03,2013,3972,1471243,0.00269975795977
833,36061004800.0,03,2013,7466,1471243,0.00507462057593
834,36061004900.0,03,2013,4782,1471243,0.00325031283072
835,36061005000.0,03,2013,9353,1471243,0.00635720951604
836,36061005200.0,03,2013,8157,1471243,0.00554429145967
837,36061005400.0,03,2013,7934,1471243,0.00539271894582
838,36061005501.0,03,2013,1958,1471243,0.00133084745348
839,36061005502.0,03,2013,4521,1471243,0.00307291181674
840,36061005600.0,03,2013,10363,1471243,0.00704370386129
841,36061005700.0,03,2013,5292,1471243,0.0035969584902
842,36061005800.0,03,2013,11335,1471243,0.00770436970643
843,36061005900.0,03,2013,4568,1471243,0.00310485759321
844,36061006000.0,03,2013,2683,1471243,0.00182362804785
845,36061006100.0,03,2013,7367,1471243,0.00500733053615
846,36061006200.0,03,2013,5208,1471243,0.00353986391099
847,36061006300.0,03,2013,9480,1471243,0.00644353108222
848,36061006400.0,03,2013,10253,1471243,0.00696893715042
849,36061006500.0,03,2013,5692,1471243,0.00386883743882
850,36061006600.0,03,2013,8569,1471243,0.00582432677675
851,36061006700.0,03,2013,6025,1471243,0.00409517666354
852,36061006800.0,03,2013,14494,1471243,0.00985153370313
853,36061006900.0,03,2013,6984,1471243,0.00474700644285
854,36061007000.0,03,2013,9534,1471243,0.00648023474028
855,36061007100.0,03,2013,7479,1471243,0.00508345664176
856,36061007200.0,03,2013,19787,1471243,0.0134491718907
857,36061007300.0,03,2013,5897,1471243,0.00400817539998
858,36061007400.0,03,2013,13884,1471243,0.00943691830649
859,36061007500.0,03,2013,6148,1471243,0.00417877944024
860,36061007600.0,03,2013,8901,1471243,0.0060499863041
861,36061007700.0,03,2013,7072,1471243,0.00480681981155
862,36061007800.0,03,2013,9763,1471243,0.00663588543837
863,36061007900.0,03,2013,6586,1471243,0.00447648688898
864,36061008000.0,03,2013,17887,1471243,0.0121577468848
865,36061008100.0,03,2013,7350,1471243,0.00499577568084
866,36061008200.0,03,2013,12540,1471243,0.00852340503914
867,36061008300.0,03,2013,5023,1471243,0.00341411989726
868,36061008400.0,03,2013,5768,1471243,0.00392049443906
869,36061008601.0,03,2013,4364,1471243,0.00296619932941
870,36061008602.0,03,2013,692,1471243,0.000470350581107
871,36061008603.0,03,2013,4313,1471243,0.00293153476346
872,36061008700.0,03,2013,8829,1471243,0.00600104809335
873,36061008800.0,03,2013,12235,1471243,0.00831609734082
874,36061008900.0,03,2013,4218,1471243,0.00286696351317
875,36061009000.0,03,2013,10322,1471243,0.00701583626906
876,36061009100.0,03,2013,11079,1471243,0.00753036717932
877,36061009200.0,03,2013,32151,1471243,0.0218529501925
878,36061009300.0,03,2013,9121,1471243,0.00619951972584
879,36061009400.0,03,2013,16594,1471243,0.0112788981834
880,36061009500.0,03,2013,9340,1471243,0.00634837345021
881,36061009600.0,03,2013,6383,1471243,0.00433850832255
882,36061009700.0,03,2013,2676,1471243,0.00181887016625
883,36061009800.0,03,2013,13190,1471243,0.00896520833064
884,36061009900.0,03,2013,13498,1471243,0.00917455512108
885,36061010000.0,03,2013,11076,1471243,0.0075283280872
886,36061010100.0,03,2013,46482,1471243,0.031593693224
887,36061010200.0,03,2013,7566,1471243,0.00514259031309
888,36061010300.0,03,2013,6201,1471243,0.00421480340093
889,36061010400.0,03,2013,6652,1471243,0.0045213469155
890,36061010601.0,03,2013,8050,1471243,0.00547156384092
891,36061010602.0,03,2013,5426,1471243,0.00368803793799
892,36061010800.0,03,2013,14376,1471243,0.00977132941329
893,36061010900.0,03,2013,10318,1471243,0.00701311747957
894,36061011000.0,03,2013,12617,1471243,0.00857574173675
895,36061011100.0,03,2013,7167,1471243,0.00487139106184
896,36061011201.0,03,2013,4587,1471243,0.00311777184326
897,36061011202.0,03,2013,3354,1471243,0.00227970498415
898,36061011203.0,03,2013,5486,1471243,0.00372881978028
899,36061011300.0,03,2013,23784,1471243,0.0161659222848
900,36061011401.0,03,2013,4939,1471243,0.00335702531805
901,36061011402.0,03,2013,7014,1471243,0.004767397364
902,36061011500.0,03,2013,19926,1471243,0.0135436498254
903,36061011600.0,03,2013,6711,1471243,0.00456144906042
904,36061011700.0,03,2013,6296,1471243,0.00427937465123
905,36061011800.0,03,2013,12747,1471243,0.00866410239505
906,36061011900.0,03,2013,10649,1471243,0.00723809730955
907,36061012000.0,03,2013,15776,1471243,0.0107229057335
908,36061012100.0,03,2013,9308,1471243,0.00632662313432
909,36061012200.0,03,2013,7433,1471243,0.00505219056267
910,36061012400.0,03,2013,16915,1471243,0.0114970810396
911,36061012500.0,03,2013,11660,1471243,0.00792527135218
912,36061012600.0,03,2013,13236,1471243,0.00899647440973
913,36061012700.0,03,2013,7187,1471243,0.00488498500927
914,36061012800.0,03,2013,16879,1471243,0.0114726119343
915,36061012900.0,03,2013,8605,1471243,0.00584879588212
916,36061013000.0,03,2013,10678,1471243,0.00725780853333
917,36061013100.0,03,2013,11603,1471243,0.00788652860201
918,36061013200.0,03,2013,11609,1471243,0.00789060678623
919,36061013300.0,03,2013,6714,1471243,0.00456348815253
920,36061013400.0,03,2013,11819,1471243,0.00803334323426
921,36061013500.0,03,2013,8727,1471243,0.00593171896145
922,36061013600.0,03,2013,13161,1471243,0.00894549710687
923,36061013700.0,03,2013,17389,1471243,0.0118192575937
924,36061013800.0,03,2013,10701,1471243,0.00727344157287
925,36061013900.0,03,2013,10038,1471243,0.00682280221554
926,36061014000.0,03,2013,13306,1471243,0.00904405322574
927,36061014200.0,03,2013,10817,1471243,0.00735228646797
928,36061014300.0,03,2013,17717,1471243,0.0120421983316
929,36061014401.0,03,2013,3102,1471243,0.00210842124652
930,36061014402.0,03,2013,4520,1471243,0.00307223211937
931,36061014500.0,03,2013,12519,1471243,0.00850913139434
932,36061014601.0,03,2013,3942,1471243,0.00267936703862
933,36061014602.0,03,2013,5175,1471243,0.00351743389773
934,36061014700.0,03,2013,2604,1471243,0.0017699319555
935,36061014801.0,03,2013,5247,1471243,0.00356637210848
936,36061014802.0,03,2013,9333,1471243,0.0063436155686
937,36061014900.0,03,2013,8275,1471243,0.00562449574951
938,36061015001.0,03,2013,3664,1471243,0.00249041116933
939,36061015002.0,03,2013,9309,1471243,0.00632730283169
940,36061015100.0,03,2013,7801,1471243,0.0053023191954
941,36061015200.0,03,2013,5553,1471243,0.00377435950417
942,36061015300.0,03,2013,10256,1471243,0.00697097624254
943,36061015400.0,03,2013,9211,1471243,0.00626069248928
944,36061015500.0,03,2013,5702,1471243,0.00387563441253
945,36061015601.0,03,2013,2985,1471243,0.00202889665405
946,36061015602.0,03,2013,1061,1471243,0.000721158911206
947,36061015700.0,03,2013,7413,1471243,0.00503859661524
948,36061015801.0,03,2013,6970,1471243,0.00473749067965
949,36061015802.0,03,2013,1890,1471243,0.00128462803221
950,36061015900.0,03,2013,6372,1471243,0.00433103165147
951,36061016001.0,03,2013,7916,1471243,0.00538048439313
952,36061016002.0,03,2013,2446,1471243,0.00166253977079
953,36061016100.0,03,2013,4488,1471243,0.00305048180348
954,36061016200.0,03,2013,188,1471243,0.00012778310585
955,36061016300.0,03,2013,5944,1471243,0.00404012117645
956,36061016400.0,03,2013,1407,1471243,0.00095633420176
957,36061016500.0,03,2013,4924,1471243,0.00334682985747
958,36061016600.0,03,2013,1281,1471243,0.000870692332946
959,36061016700.0,03,2013,5115,1471243,0.00347665205544
960,36061016800.0,03,2013,2095,1471243,0.00142396599338
961,36061016900.0,03,2013,5124,1471243,0.00348276933178
962,36061017000.0,03,2013,1333,1471243,0.000906036596266
963,36061017100.0,03,2013,4675,1471243,0.00317758521196
964,36061017200.0,03,2013,1026,1471243,0.000697369503202
965,36061017300.0,03,2013,5605,1471243,0.00380970376749
966,36061017401.0,03,2013,469,1471243,0.000318778067253
967,36061017402.0,03,2013,228,1471243,0.000154971000712
968,36061017500.0,03,2013,5291,1471243,0.00359627879283
969,36061017700.0,03,2013,4301,1471243,0.002923378395
970,36061017800.0,03,2013,301,1471243,0.000204588908834
971,36061017900.0,03,2013,4729,1471243,0.00321428887002
972,36061018000.0,03,2013,1264,1471243,0.000859137477629
973,36061018100.0,03,2013,4351,1471243,0.00295736326358
974,36061018200.0,03,2013,770,1471243,0.000523366976088
975,36061018300.0,03,2013,4262,1471243,0.00289687019751
976,36061018400.0,03,2013,452,1471243,0.000307223211937
977,36061018500.0,03,2013,2851,1471243,0.00193781720627
978,36061018600.0,03,2013,313,1471243,0.000212745277293
979,36061018700.0,03,2013,4028,1471243,0.00273782101257
980,36061018800.0,03,2013,1056,1471243,0.000717760424349
981,36061018900.0,03,2013,2931,1471243,0.00199219299599
982,36061019000.0,03,2013,463,1471243,0.000314699883024
983,36061019100.0,03,2013,4299,1471243,0.00292201900026
984,36061019200.0,03,2013,60,1471243,4.07818422925e-05
985,36061019300.0,03,2013,2276,1471243,0.00154699121763
986,36061019400.0,03,2013,787,1471243,0.000534921831404
987,36061019500.0,03,2013,3713,1471243,0.00252371634054
988,36061019600.0,03,2013,1154,1471243,0.00078437076676
989,36061019701.0,03,2013,693,1471243,0.000471030278479
990,36061019702.0,03,2013,1016,1471243,0.000690572529487
991,36061019800.0,03,2013,1484,1471243,0.00100867089937
992,36061019900.0,03,2013,3499,1471243,0.00237826110303
993,36061020000.0,03,2013,419,1471243,0.000284793198676
994,36061020101.0,03,2013,240,1471243,0.00016312736917
995,36061020102.0,03,2013,915,1471243,0.000621923094961
996,36061020300.0,03,2013,1144,1471243,0.000777573793044
997,36061020500.0,03,2013,1786,1471243,0.00121393950557
998,36061020600.0,03,2013,159,1471243,0.000108071882075
999,36061020701.0,03,2013,339,1471243,0.000230417408953
1000,36061020800.0,03,2013,342,1471243,0.000232456501067
1001,36061020901.0,03,2013,241,1471243,0.000163807066542
1002,36061021000.0,03,2013,206,1471243,0.000140017658538
1003,36061021100.0,03,2013,2543,1471243,0.00172847041583
1004,36061021200.0,03,2013,550,1471243,0.000373833554348
1005,36061021303.0,03,2013,72,1471243,4.8938210751e-05
1006,36061021400.0,03,2013,28,1471243,1.90315264032e-05
1007,36061021500.0,03,2013,110,1471243,7.47667108697e-05
1008,36061021600.0,03,2013,757,1471243,0.000514530910258
1009,36061021703.0,03,2013,36,1471243,2.44691053755e-05
1010,36061021800.0,03,2013,642,1471243,0.00043636571253
1011,36061021900.0,03,2013,892,1471243,0.000606290055416
1012,36061022000.0,03,2013,486,1471243,0.00033033292257
1013,36061022102.0,03,2013,121,1471243,8.22433819566e-05
1014,36061022200.0,03,2013,405,1471243,0.000275277435475
1015,36061022301.0,03,2013,561,1471243,0.000381310225435
1016,36061022302.0,03,2013,300,1471243,0.000203909211463
1017,36061022400.0,03,2013,267,1471243,0.000181479198202
1018,36061022500.0,03,2013,662,1471243,0.000449959659961
1019,36061022600.0,03,2013,231,1471243,0.000157010092826
1020,36061022700.0,03,2013,39,1471243,2.65081974901e-05
1021,36061022800.0,03,2013,242,1471243,0.000164486763913
1022,36061022900.0,03,2013,758,1471243,0.000515210607629
1023,36061023000.0,03,2013,178,1471243,0.000120986132135
1024,36061023100.0,03,2013,48,1471243,3.2625473834e-05
1025,36061023200.0,03,2013,144,1471243,9.78764215021e-05
1026,36061023300.0,03,2013,666,1471243,0.000452678449447
1027,36061023400.0,03,2013,45,1471243,3.05863817194e-05
1028,36061023501.0,03,2013,17,1471243,1.15548553162e-05
1029,36061023502.0,03,2013,24,1471243,1.6312736917e-05
1030,36061023600.0,03,2013,29,1471243,1.97112237747e-05
1031,36061023700.0,03,2013,478,1471243,0.000324895343597
1032,36061023801.0,03,2013,118,1471243,8.0204289842e-05
1033,36061023802.0,03,2013,27,1471243,1.83518290316e-05
1034,36061023900.0,03,2013,17,1471243,1.15548553162e-05
1035,36061024000.0,03,2013,115,1471243,7.81651977274e-05
1036,36061024100.0,03,2013,307,1471243,0.000208667093063
1037,36061024200.0,03,2013,285,1471243,0.00019371375089
1038,36061024301.0,03,2013,7,1471243,4.7578816008e-06
1039,36061024302.0,03,2013,18,1471243,1.22345526878e-05
1040,36061024500.0,03,2013,461,1471243,0.000313340488281
1041,36061024700.0,03,2013,252,1471243,0.000171283737629
1042,36061024900.0,03,2013,2,1471243,1.35939474308e-06
1043,36061025100.0,03,2013,418,1471243,0.000284113501305
1044,36061025300.0,03,2013,147,1471243,9.99155136167e-05
1045,36061025500.0,03,2013,139,1471243,9.44779346444e-05
1046,36061025700.0,03,2013,900,1471243,0.000611727634388
1047,36061025900.0,03,2013,105,1471243,7.13682240119e-05
1048,36061026100.0,03,2013,18,1471243,1.22345526878e-05
1049,36061026300.0,03,2013,100,1471243,6.79697371542e-05
1050,36061026500.0,03,2013,158,1471243,0.000107392184704
1051,36061026700.0,03,2013,6,1471243,4.07818422925e-06
1052,36061026900.0,03,2013,8,1471243,5.43757897234e-06
1053,36061027100.0,03,2013,79,1471243,5.36960923518e-05
1054,36061027300.0,03,2013,42,1471243,2.85472896048e-05
1055,36061027500.0,03,2013,1,1471243,6.79697371542e-07
1056,36061027900.0,03,2013,44,1471243,2.99066843479e-05
1057,36061028100.0,03,2013,3,1471243,2.03909211463e-06
1058,36061028300.0,03,2013,6,1471243,4.07818422925e-06
1059,36061028500.0,03,2013,4,1471243,2.71878948617e-06
1060,36061028700.0,03,2013,31,1471243,2.10706185178e-05
1061,36061029100.0,03,2013,5,1471243,3.39848685771e-06
1062,36061029300.0,03,2013,9,1471243,6.11727634388e-06
1063,36061029500.0,03,2013,51,1471243,3.46645659487e-05
1064,36061029700.0,03,2013,21,1471243,1.42736448024e-05
1065,36061029900.0,03,2013,6,1471243,4.07818422925e-06
1066,36061030300.0,03,2013,19,1471243,1.29142500593e-05
1067,36061030700.0,03,2013,7,1471243,4.7578816008e-06
1068,36061030900.0,03,2013,12,1471243,8.15636845851e-06
1069,36061031100.0,03,2013,8,1471243,5.43757897234e-06
1070,36061031703.0,03,2013,13514,1471243,0.00918543027902
1071,36061031704.0,03,2013,12164,1471243,0.00826783882744
1072,36061031900.0,03,2013,293,1471243,0.000199151329862
1073,36081000100.0,03,2013,322,1471243,0.000218862553637
1074,36081000700.0,03,2013,659,1471243,0.000447920567846
1075,36081001000.0,03,2013,1,1471243,6.79697371542e-07
1076,36081001400.0,03,2013,2,1471243,1.35939474308e-06
1077,36081001900.0,03,2013,752,1471243,0.0005111324234
1078,36081002000.0,03,2013,6,1471243,4.07818422925e-06
1079,36081002200.0,03,2013,19,1471243,1.29142500593e-05
1080,36081002500.0,03,2013,430,1471243,0.000292269869763
1081,36081003100.0,03,2013,141,1471243,9.58373293875e-05
1082,36081003300.0,03,2013,1189,1471243,0.000808160174764
1083,36081003400.0,03,2013,3,1471243,2.03909211463e-06
1084,36081003700.0,03,2013,27,1471243,1.83518290316e-05
1085,36081003900.0,03,2013,4,1471243,2.71878948617e-06
1086,36081004002.0,03,2013,1,1471243,6.79697371542e-07
1087,36081004200.0,03,2013,2,1471243,1.35939474308e-06
1088,36081004300.0,03,2013,567,1471243,0.000385388409664
1089,36081004401.0,03,2013,3,1471243,2.03909211463e-06
1090,36081004500.0,03,2013,488,1471243,0.000331692317313
1091,36081004700.0,03,2013,454,1471243,0.00030858260668
1092,36081005100.0,03,2013,87,1471243,5.91336713242e-05
1093,36081005300.0,03,2013,511,1471243,0.000347325356858
1094,36081005400.0,03,2013,2,1471243,1.35939474308e-06
1095,36081005500.0,03,2013,34,1471243,2.31097106324e-05
1096,36081005700.0,03,2013,60,1471243,4.07818422925e-05
1097,36081005800.0,03,2013,1,1471243,6.79697371542e-07
1098,36081005900.0,03,2013,146,1471243,9.92358162452e-05
1099,36081006100.0,03,2013,489,1471243,0.000332372014684
1100,36081006202.0,03,2013,2,1471243,1.35939474308e-06
1101,36081006300.0,03,2013,117,1471243,7.95245924704e-05
1102,36081006501.0,03,2013,60,1471243,4.07818422925e-05
1103,36081006502.0,03,2013,160,1471243,0.000108751579447
1104,36081006900.0,03,2013,228,1471243,0.000154971000712
1105,36081007100.0,03,2013,461,1471243,0.000313340488281
1106,36081007300.0,03,2013,543,1471243,0.000369075672747
1107,36081007500.0,03,2013,621,1471243,0.000422092067728
1108,36081007700.0,03,2013,461,1471243,0.000313340488281
1109,36081007900.0,03,2013,377,1471243,0.000256245909071
1110,36081008100.0,03,2013,10,1471243,6.79697371542e-06
1111,36081008300.0,03,2013,508,1471243,0.000345286264743
1112,36081008500.0,03,2013,70,1471243,4.7578816008e-05
1113,36081008600.0,03,2013,1,1471243,6.79697371542e-07
1114,36081008700.0,03,2013,8,1471243,5.43757897234e-06
1115,36081008800.0,03,2013,3,1471243,2.03909211463e-06
1116,36081009100.0,03,2013,191,1471243,0.000129822197965
1117,36081009400.0,03,2013,4,1471243,2.71878948617e-06
1118,36081009500.0,03,2013,287,1471243,0.000195073145633
1119,36081009700.0,03,2013,87,1471243,5.91336713242e-05
1120,36081009800.0,03,2013,2,1471243,1.35939474308e-06
1121,36081009900.0,03,2013,33,1471243,2.24300132609e-05
1122,36081010000.0,03,2013,1,1471243,6.79697371542e-07
1123,36081010100.0,03,2013,86,1471243,5.84539739526e-05
1124,36081010300.0,03,2013,120,1471243,8.15636845851e-05
1125,36081010500.0,03,2013,3,1471243,2.03909211463e-06
1126,36081010701.0,03,2013,10,1471243,6.79697371542e-06
1127,36081011100.0,03,2013,7,1471243,4.7578816008e-06
1128,36081011300.0,03,2013,210,1471243,0.000142736448024
1129,36081011400.0,03,2013,1,1471243,6.79697371542e-07
1130,36081011500.0,03,2013,113,1471243,7.68058029843e-05
1131,36081011700.0,03,2013,77,1471243,5.23366976088e-05
1132,36081011900.0,03,2013,40,1471243,2.71878948617e-05
1133,36081012000.0,03,2013,3,1471243,2.03909211463e-06
1134,36081012100.0,03,2013,255,1471243,0.000173322829743
1135,36081012301.0,03,2013,5,1471243,3.39848685771e-06
1136,36081012400.0,03,2013,1,1471243,6.79697371542e-07
1137,36081012500.0,03,2013,509,1471243,0.000345965962115
1138,36081013000.0,03,2013,1,1471243,6.79697371542e-07
1139,36081013200.0,03,2013,1,1471243,6.79697371542e-07
1140,36081013500.0,03,2013,185,1471243,0.000125744013735
1141,36081013600.0,03,2013,4,1471243,2.71878948617e-06
1142,36081013700.0,03,2013,162,1471243,0.00011011097419
1143,36081013800.0,03,2013,2,1471243,1.35939474308e-06
1144,36081014000.0,03,2013,6,1471243,4.07818422925e-06
1145,36081014100.0,03,2013,17,1471243,1.15548553162e-05
1146,36081014202.0,03,2013,5,1471243,3.39848685771e-06
1147,36081014300.0,03,2013,178,1471243,0.000120986132135
1148,36081014400.0,03,2013,8,1471243,5.43757897234e-06
1149,36081014500.0,03,2013,4,1471243,2.71878948617e-06
1150,36081014700.0,03,2013,57,1471243,3.87427501779e-05
1151,36081014800.0,03,2013,1,1471243,6.79697371542e-07
1152,36081014900.0,03,2013,25,1471243,1.69924342886e-05
1153,36081015000.0,03,2013,2,1471243,1.35939474308e-06
1154,36081015100.0,03,2013,6,1471243,4.07818422925e-06
1155,36081015200.0,03,2013,3,1471243,2.03909211463e-06
1156,36081015300.0,03,2013,33,1471243,2.24300132609e-05
1157,36081015500.0,03,2013,228,1471243,0.000154971000712
1158,36081015700.0,03,2013,98,1471243,6.66103424111e-05
1159,36081015801.0,03,2013,1,1471243,6.79697371542e-07
1160,36081015900.0,03,2013,41,1471243,2.78675922332e-05
1161,36081016100.0,03,2013,47,1471243,3.19457764625e-05
1162,36081016300.0,03,2013,54,1471243,3.67036580633e-05
1163,36081016600.0,03,2013,2,1471243,1.35939474308e-06
1164,36081016900.0,03,2013,802,1471243,0.000545117291977
1165,36081017100.0,03,2013,226,1471243,0.000153611605969
1166,36081017400.0,03,2013,2,1471243,1.35939474308e-06
1167,36081017900.0,03,2013,588,1471243,0.000399662054467
1168,36081018000.0,03,2013,5,1471243,3.39848685771e-06
1169,36081018101.0,03,2013,763,1471243,0.000518609094487
1170,36081018102.0,03,2013,867,1471243,0.000589297621127
1171,36081018200.0,03,2013,47,1471243,3.19457764625e-05
1172,36081018300.0,03,2013,1401,1471243,0.000952256017531
1173,36081018501.0,03,2013,13,1471243,8.83606583005e-06
1174,36081018502.0,03,2013,16,1471243,1.08751579447e-05
1175,36081018600.0,03,2013,17,1471243,1.15548553162e-05
1176,36081018700.0,03,2013,27,1471243,1.83518290316e-05
1177,36081018800.0,03,2013,27,1471243,1.83518290316e-05
1178,36081018900.0,03,2013,12,1471243,8.15636845851e-06
1179,36081019200.0,03,2013,21,1471243,1.42736448024e-05
1180,36081019400.0,03,2013,36,1471243,2.44691053755e-05
1181,36081019800.0,03,2013,1,1471243,6.79697371542e-07
1182,36081019900.0,03,2013,87,1471243,5.91336713242e-05
1183,36081020200.0,03,2013,62,1471243,4.21412370356e-05
1184,36081020500.0,03,2013,26,1471243,1.76721316601e-05
1185,36081020600.0,03,2013,18,1471243,1.22345526878e-05
1186,36081020800.0,03,2013,51,1471243,3.46645659487e-05
1187,36081021200.0,03,2013,41,1471243,2.78675922332e-05
1188,36081021400.0,03,2013,51,1471243,3.46645659487e-05
1189,36081021600.0,03,2013,68,1471243,4.62194212649e-05
1190,36081021900.0,03,2013,16,1471243,1.08751579447e-05
1191,36081022001.0,03,2013,23,1471243,1.56330395455e-05
1192,36081022002.0,03,2013,5,1471243,3.39848685771e-06
1193,36081022900.0,03,2013,55,1471243,3.73833554348e-05
1194,36081023000.0,03,2013,1,1471243,6.79697371542e-07
1195,36081023200.0,03,2013,1,1471243,6.79697371542e-07
1196,36081023500.0,03,2013,30,1471243,2.03909211463e-05
1197,36081023600.0,03,2013,5,1471243,3.39848685771e-06
1198,36081023800.0,03,2013,8,1471243,5.43757897234e-06
1199,36081024000.0,03,2013,1,1471243,6.79697371542e-07
1200,36081024300.0,03,2013,17,1471243,1.15548553162e-05
1201,36081024500.0,03,2013,16,1471243,1.08751579447e-05
1202,36081024700.0,03,2013,131,1471243,8.9040355672e-05
1203,36081024900.0,03,2013,672,1471243,0.000456756633676
1204,36081025100.0,03,2013,554,1471243,0.000376552343834
1205,36081025301.0,03,2013,770,1471243,0.000523366976088
1206,36081025302.0,03,2013,117,1471243,7.95245924704e-05
1207,36081025500.0,03,2013,52,1471243,3.53442633202e-05
1208,36081025700.0,03,2013,15,1471243,1.01954605731e-05
1209,36081025900.0,03,2013,253,1471243,0.000171963435
1210,36081026100.0,03,2013,156,1471243,0.000106032789961
1211,36081026300.0,03,2013,88,1471243,5.98133686957e-05
1212,36081026500.0,03,2013,51,1471243,3.46645659487e-05
1213,36081026700.0,03,2013,63,1471243,4.28209344072e-05
1214,36081026901.0,03,2013,13,1471243,8.83606583005e-06
1215,36081026902.0,03,2013,8,1471243,5.43757897234e-06
1216,36081027100.0,03,2013,5,1471243,3.39848685771e-06
1217,36081027200.0,03,2013,2,1471243,1.35939474308e-06
1218,36081027300.0,03,2013,2,1471243,1.35939474308e-06
1219,36081027500.0,03,2013,8,1471243,5.43757897234e-06
1220,36081027700.0,03,2013,9,1471243,6.11727634388e-06
1221,36081027900.0,03,2013,6,1471243,4.07818422925e-06
1222,36081028100.0,03,2013,14,1471243,9.51576320159e-06
1223,36081028300.0,03,2013,38,1471243,2.58285001186e-05
1224,36081028500.0,03,2013,7,1471243,4.7578816008e-06
1225,36081028700.0,03,2013,56,1471243,3.80630528064e-05
1226,36081028800.0,03,2013,1,1471243,6.79697371542e-07
1227,36081028900.0,03,2013,89,1471243,6.04930660673e-05
1228,36081029100.0,03,2013,50,1471243,3.39848685771e-05
1229,36081029300.0,03,2013,33,1471243,2.24300132609e-05
1230,36081029400.0,03,2013,7,1471243,4.7578816008e-06
1231,36081029500.0,03,2013,91,1471243,6.18524608103e-05
1232,36081029700.0,03,2013,53,1471243,3.60239606917e-05
1233,36081029900.0,03,2013,542,1471243,0.000368395975376
1234,36081030600.0,03,2013,86,1471243,5.84539739526e-05
1235,36081030902.0,03,2013,158,1471243,0.000107392184704
1236,36081030903.0,03,2013,110,1471243,7.47667108697e-05
1237,36081030904.0,03,2013,48,1471243,3.2625473834e-05
1238,36081031700.0,03,2013,639,1471243,0.000434326620416
1239,36081032000.0,03,2013,1,1471243,6.79697371542e-07
1240,36081032700.0,03,2013,71,1471243,4.82585133795e-05
1241,36081032900.0,03,2013,13,1471243,8.83606583005e-06
1242,36081033100.0,03,2013,19643,1471243,0.0133512954692
1243,36081033401.0,03,2013,7,1471243,4.7578816008e-06
1244,36081033402.0,03,2013,4,1471243,2.71878948617e-06
1245,36081033700.0,03,2013,82,1471243,5.57351844665e-05
1246,36081033900.0,03,2013,73,1471243,4.96179081226e-05
1247,36081034700.0,03,2013,72,1471243,4.8938210751e-05
1248,36081035100.0,03,2013,31,1471243,2.10706185178e-05
1249,36081035300.0,03,2013,48,1471243,3.2625473834e-05
1250,36081035700.0,03,2013,386,1471243,0.000262363185415
1251,36081036100.0,03,2013,9,1471243,6.11727634388e-06
1252,36081036300.0,03,2013,10,1471243,6.79697371542e-06
1253,36081036500.0,03,2013,21,1471243,1.42736448024e-05
1254,36081036600.0,03,2013,3,1471243,2.03909211463e-06
1255,36081036700.0,03,2013,8,1471243,5.43757897234e-06
1256,36081037100.0,03,2013,11,1471243,7.47667108697e-06
1257,36081037300.0,03,2013,28,1471243,1.90315264032e-05
1258,36081037500.0,03,2013,5,1471243,3.39848685771e-06
1259,36081037700.0,03,2013,1,1471243,6.79697371542e-07
1260,36081037900.0,03,2013,2,1471243,1.35939474308e-06
1261,36081038100.0,03,2013,6,1471243,4.07818422925e-06
1262,36081038301.0,03,2013,3,1471243,2.03909211463e-06
1263,36081038302.0,03,2013,206,1471243,0.000140017658538
1264,36081038400.0,03,2013,1,1471243,6.79697371542e-07
1265,36081039400.0,03,2013,1,1471243,6.79697371542e-07
1266,36081039900.0,03,2013,3,1471243,2.03909211463e-06
1267,36081040100.0,03,2013,2,1471243,1.35939474308e-06
1268,36081040300.0,03,2013,2,1471243,1.35939474308e-06
1269,36081040500.0,03,2013,2,1471243,1.35939474308e-06
1270,36081040700.0,03,2013,1,1471243,6.79697371542e-07
1271,36081040900.0,03,2013,3,1471243,2.03909211463e-06
1272,36081041100.0,03,2013,2,1471243,1.35939474308e-06
1273,36081043701.0,03,2013,15,1471243,1.01954605731e-05
1274,36081043702.0,03,2013,4,1471243,2.71878948617e-06
1275,36081043900.0,03,2013,1,1471243,6.79697371542e-07
1276,36081044302.0,03,2013,2,1471243,1.35939474308e-06
1277,36081044602.0,03,2013,7,1471243,4.7578816008e-06
1278,36081044800.0,03,2013,1,1471243,6.79697371542e-07
1279,36081045000.0,03,2013,3,1471243,2.03909211463e-06
1280,36081045200.0,03,2013,1,1471243,6.79697371542e-07
1281,36081045400.0,03,2013,10,1471243,6.79697371542e-06
1282,36081045500.0,03,2013,2,1471243,1.35939474308e-06
1283,36081045600.0,03,2013,6,1471243,4.07818422925e-06
1284,36081045700.0,03,2013,6,1471243,4.07818422925e-06
1285,36081045800.0,03,2013,1,1471243,6.79697371542e-07
1286,36081045900.0,03,2013,1,1471243,6.79697371542e-07
1287,36081046000.0,03,2013,4,1471243,2.71878948617e-06
1288,36081046100.0,03,2013,2,1471243,1.35939474308e-06
1289,36081046300.0,03,2013,2,1471243,1.35939474308e-06
1290,36081046500.0,03,2013,1,1471243,6.79697371542e-07
1291,36081046600.0,03,2013,1,1471243,6.79697371542e-07
1292,36081046700.0,03,2013,2,1471243,1.35939474308e-06
1293,36081046900.0,03,2013,5,1471243,3.39848685771e-06
1294,36081047100.0,03,2013,7,1471243,4.7578816008e-06
1295,36081047300.0,03,2013,197,1471243,0.000133900382194
1296,36081047500.0,03,2013,7,1471243,4.7578816008e-06
1297,36081047900.0,03,2013,10,1471243,6.79697371542e-06
1298,36081048000.0,03,2013,1,1471243,6.79697371542e-07
1299,36081048100.0,03,2013,22,1471243,1.49533421739e-05
1300,36081048300.0,03,2013,102,1471243,6.93291318973e-05
1301,36081048400.0,03,2013,3,1471243,2.03909211463e-06
1302,36081048500.0,03,2013,85,1471243,5.77742765811e-05
1303,36081048900.0,03,2013,29,1471243,1.97112237747e-05
1304,36081049200.0,03,2013,2,1471243,1.35939474308e-06
1305,36081049301.0,03,2013,1,1471243,6.79697371542e-07
1306,36081049302.0,03,2013,7,1471243,4.7578816008e-06
1307,36081049500.0,03,2013,13,1471243,8.83606583005e-06
1308,36081049700.0,03,2013,1,1471243,6.79697371542e-07
1309,36081049900.0,03,2013,2,1471243,1.35939474308e-06
1310,36081050000.0,03,2013,3,1471243,2.03909211463e-06
1311,36081050201.0,03,2013,1,1471243,6.79697371542e-07
1312,36081050500.0,03,2013,5,1471243,3.39848685771e-06
1313,36081050700.0,03,2013,14,1471243,9.51576320159e-06
1314,36081051100.0,03,2013,1,1471243,6.79697371542e-07
1315,36081051200.0,03,2013,1,1471243,6.79697371542e-07
1316,36081051300.0,03,2013,2,1471243,1.35939474308e-06
1317,36081051700.0,03,2013,10,1471243,6.79697371542e-06
1318,36081052000.0,03,2013,1,1471243,6.79697371542e-07
1319,36081052100.0,03,2013,3,1471243,2.03909211463e-06
1320,36081052200.0,03,2013,7,1471243,4.7578816008e-06
1321,36081053100.0,03,2013,2,1471243,1.35939474308e-06
1322,36081053500.0,03,2013,1,1471243,6.79697371542e-07
1323,36081053900.0,03,2013,1,1471243,6.79697371542e-07
1324,36081054200.0,03,2013,5,1471243,3.39848685771e-06
1325,36081054500.0,03,2013,13,1471243,8.83606583005e-06
1326,36081054700.0,03,2013,1,1471243,6.79697371542e-07
1327,36081055100.0,03,2013,2,1471243,1.35939474308e-06
1328,36081055200.0,03,2013,1,1471243,6.79697371542e-07
1329,36081055300.0,03,2013,1,1471243,6.79697371542e-07
1330,36081055700.0,03,2013,1,1471243,6.79697371542e-07
1331,36081056800.0,03,2013,1,1471243,6.79697371542e-07
1332,36081057700.0,03,2013,1,1471243,6.79697371542e-07
1333,36081058100.0,03,2013,1,1471243,6.79697371542e-07
1334,36081058300.0,03,2013,1,1471243,6.79697371542e-07
1335,36081058500.0,03,2013,1,1471243,6.79697371542e-07
1336,36081058700.0,03,2013,1,1471243,6.79697371542e-07
1337,36081059300.0,03,2013,1,1471243,6.79697371542e-07
1338,36081060300.0,03,2013,1,1471243,6.79697371542e-07
1339,36081060600.0,03,2013,1,1471243,6.79697371542e-07
1340,36081061000.0,03,2013,2,1471243,1.35939474308e-06
1341,36081061200.0,03,2013,1,1471243,6.79697371542e-07
1342,36081061301.0,03,2013,1,1471243,6.79697371542e-07
1343,36081062200.0,03,2013,1,1471243,6.79697371542e-07
1344,36081062300.0,03,2013,1,1471243,6.79697371542e-07
1345,36081062400.0,03,2013,1,1471243,6.79697371542e-07
1346,36081063800.0,03,2013,2,1471243,1.35939474308e-06
1347,36081063900.0,03,2013,14,1471243,9.51576320159e-06
1348,36081064101.0,03,2013,7,1471243,4.7578816008e-06
1349,36081064102.0,03,2013,11,1471243,7.47667108697e-06
1350,36081064500.0,03,2013,1,1471243,6.79697371542e-07
1351,36081065501.0,03,2013,2,1471243,1.35939474308e-06
1352,36081065600.0,03,2013,1,1471243,6.79697371542e-07
1353,36081066000.0,03,2013,1,1471243,6.79697371542e-07
1354,36081066400.0,03,2013,7,1471243,4.7578816008e-06
1355,36081066501.0,03,2013,1,1471243,6.79697371542e-07
1356,36081067100.0,03,2013,1,1471243,6.79697371542e-07
1357,36081067700.0,03,2013,1,1471243,6.79697371542e-07
1358,36081067900.0,03,2013,4,1471243,2.71878948617e-06
1359,36081068000.0,03,2013,2,1471243,1.35939474308e-06
1360,36081068300.0,03,2013,135,1471243,9.17591451582e-05
1361,36081068700.0,03,2013,28,1471243,1.90315264032e-05
1362,36081069000.0,03,2013,1,1471243,6.79697371542e-07
1363,36081069300.0,03,2013,29,1471243,1.97112237747e-05
1364,36081069500.0,03,2013,15,1471243,1.01954605731e-05
1365,36081069701.0,03,2013,14,1471243,9.51576320159e-06
1366,36081069702.0,03,2013,13,1471243,8.83606583005e-06
1367,36081070300.0,03,2013,26,1471243,1.76721316601e-05
1368,36081071100.0,03,2013,22,1471243,1.49533421739e-05
1369,36081071303.0,03,2013,296,1471243,0.000201190421977
1370,36081071304.0,03,2013,86,1471243,5.84539739526e-05
1371,36081071305.0,03,2013,7,1471243,4.7578816008e-06
1372,36081071306.0,03,2013,26,1471243,1.76721316601e-05
1373,36081071600.0,03,2013,19598,1471243,0.0133207090875
1374,36081071701.0,03,2013,161,1471243,0.000109431276818
1375,36081071702.0,03,2013,51,1471243,3.46645659487e-05
1376,36081071900.0,03,2013,2,1471243,1.35939474308e-06
1377,36081072100.0,03,2013,4,1471243,2.71878948617e-06
1378,36081072300.0,03,2013,1,1471243,6.79697371542e-07
1379,36081073100.0,03,2013,1,1471243,6.79697371542e-07
1380,36081073700.0,03,2013,15,1471243,1.01954605731e-05
1381,36081073900.0,03,2013,188,1471243,0.00012778310585
1382,36081074100.0,03,2013,3,1471243,2.03909211463e-06
1383,36081074300.0,03,2013,4,1471243,2.71878948617e-06
1384,36081074500.0,03,2013,15,1471243,1.01954605731e-05
1385,36081074700.0,03,2013,1,1471243,6.79697371542e-07
1386,36081075701.0,03,2013,201,1471243,0.00013661917168
1387,36081075702.0,03,2013,32,1471243,2.17503158894e-05
1388,36081076901.0,03,2013,1,1471243,6.79697371542e-07
1389,36081076902.0,03,2013,1,1471243,6.79697371542e-07
1390,36081077300.0,03,2013,1,1471243,6.79697371542e-07
1391,36081077500.0,03,2013,4,1471243,2.71878948617e-06
1392,36081077903.0,03,2013,8,1471243,5.43757897234e-06
1393,36081077904.0,03,2013,28,1471243,1.90315264032e-05
1394,36081077905.0,03,2013,5,1471243,3.39848685771e-06
1395,36081077906.0,03,2013,5,1471243,3.39848685771e-06
1396,36081077907.0,03,2013,1,1471243,6.79697371542e-07
1397,36081077908.0,03,2013,2,1471243,1.35939474308e-06
1398,36081078800.0,03,2013,6,1471243,4.07818422925e-06
1399,36081079000.0,03,2013,45,1471243,3.05863817194e-05
1400,36081079200.0,03,2013,77,1471243,5.23366976088e-05
1401,36081079702.0,03,2013,2,1471243,1.35939474308e-06
1402,36081079900.0,03,2013,5,1471243,3.39848685771e-06
1403,36081080301.0,03,2013,1,1471243,6.79697371542e-07
1404,36081080900.0,03,2013,6,1471243,4.07818422925e-06
1405,36081081400.0,03,2013,4,1471243,2.71878948617e-06
1406,36081081800.0,03,2013,3,1471243,2.03909211463e-06
1407,36081083700.0,03,2013,4,1471243,2.71878948617e-06
1408,36081083800.0,03,2013,1,1471243,6.79697371542e-07
1409,36081084602.0,03,2013,21,1471243,1.42736448024e-05
1410,36081084900.0,03,2013,9,1471243,6.11727634388e-06
1411,36081085300.0,03,2013,3,1471243,2.03909211463e-06
1412,36081085500.0,03,2013,1,1471243,6.79697371542e-07
1413,36081085700.0,03,2013,1,1471243,6.79697371542e-07
1414,36081086400.0,03,2013,1,1471243,6.79697371542e-07
1415,36081086500.0,03,2013,3,1471243,2.03909211463e-06
1416,36081086900.0,03,2013,33,1471243,2.24300132609e-05
1417,36081087100.0,03,2013,13,1471243,8.83606583005e-06
1418,36081088400.0,03,2013,2,1471243,1.35939474308e-06
1419,36081088901.0,03,2013,5,1471243,3.39848685771e-06
1420,36081089200.0,03,2013,2,1471243,1.35939474308e-06
1421,36081090700.0,03,2013,10,1471243,6.79697371542e-06
1422,36081091601.0,03,2013,1,1471243,6.79697371542e-07
1423,36081092900.0,03,2013,4,1471243,2.71878948617e-06
1424,36081093900.0,03,2013,6,1471243,4.07818422925e-06
1425,36081094500.0,03,2013,7,1471243,4.7578816008e-06
1426,36081094700.0,03,2013,3,1471243,2.03909211463e-06
1427,36081097203.0,03,2013,1,1471243,6.79697371542e-07
1428,36081097300.0,03,2013,1,1471243,6.79697371542e-07
1429,36081098100.0,03,2013,1,1471243,6.79697371542e-07
1430,36081098700.0,03,2013,1,1471243,6.79697371542e-07
1431,36081099704.0,03,2013,1,1471243,6.79697371542e-07
1432,36081104700.0,03,2013,3,1471243,2.03909211463e-06
1433,36081107202.0,03,2013,1,1471243,6.79697371542e-07
1434,36081111300.0,03,2013,1,1471243,6.79697371542e-07
1435,36081113900.0,03,2013,8,1471243,5.43757897234e-06
1436,36081115700.0,03,2013,1,1471243,6.79697371542e-07
1437,36081116100.0,03,2013,2,1471243,1.35939474308e-06
1438,36081116300.0,03,2013,4,1471243,2.71878948617e-06
1439,36081117100.0,03,2013,1,1471243,6.79697371542e-07
1440,36081119100.0,03,2013,1,1471243,6.79697371542e-07
1441,36081120500.0,03,2013,1,1471243,6.79697371542e-07
1442,36081121500.0,03,2013,7,1471243,4.7578816008e-06
1443,36081122701.0,03,2013,2,1471243,1.35939474308e-06
1444,36081122702.0,03,2013,3,1471243,2.03909211463e-06
1445,36081124100.0,03,2013,2,1471243,1.35939474308e-06
1446,36081124700.0,03,2013,1,1471243,6.79697371542e-07
1447,36081125700.0,03,2013,7,1471243,4.7578816008e-06
1448,36081126700.0,03,2013,2,1471243,1.35939474308e-06
1449,36081129104.0,03,2013,9,1471243,6.11727634388e-06
1450,36081130100.0,03,2013,2,1471243,1.35939474308e-06
1451,36081134100.0,03,2013,1,1471243,6.79697371542e-07
1452,36081136700.0,03,2013,1,1471243,6.79697371542e-07
1453,36081138502.0,03,2013,5,1471243,3.39848685771e-06
1454,36081141700.0,03,2013,1,1471243,6.79697371542e-07
1455,36081145102.0,03,2013,1,1471243,6.79697371542e-07
1456,36081145900.0,03,2013,1,1471243,6.79697371542e-07
1457,36081147100.0,03,2013,2,1471243,1.35939474308e-06
1458,36081147900.0,03,2013,1,1471243,6.79697371542e-07
1459,36081148300.0,03,2013,1,1471243,6.79697371542e-07
1460,36081152902.0,03,2013,2,1471243,1.35939474308e-06
1461,36081156700.0,03,2013,2,1471243,1.35939474308e-06
1462,36081157101.0,03,2013,9,1471243,6.11727634388e-06
1463,36081157102.0,03,2013,9,1471243,6.11727634388e-06
1464,36081157902.0,03,2013,18,1471243,1.22345526878e-05
1465,36081161700.0,03,2013,3,1471243,2.03909211463e-06
1466,36081162100.0,03,2013,19,1471243,1.29142500593e-05
1467,36087010602.0,03,2013,1,1471243,6.79697371542e-07
1468,36087010702.0,03,2013,1,1471243,6.79697371542e-07
1469,36087013402.0,03,2013,2,1471243,1.35939474308e-06
1470,36103112206.0,03,2013,1,1471243,6.79697371542e-07
1471,36103112214.0,03,2013,1,1471243,6.79697371542e-07
1472,36103122403.0,03,2013,1,1471243,6.79697371542e-07
1473,36103122404.0,03,2013,1,1471243,6.79697371542e-07
1474,36103122602.0,03,2013,2,1471243,1.35939474308e-06
1475,36103122801.0,03,2013,1,1471243,6.79697371542e-07
1476,36103123002.0,03,2013,1,1471243,6.79697371542e-07
1477,36103135209.0,03,2013,2,1471243,1.35939474308e-06
1478,36103146103.0,03,2013,1,1471243,6.79697371542e-07
1479,36103146204.0,03,2013,1,1471243,6.79697371542e-07
1480,36103146500.0,03,2013,1,1471243,6.79697371542e-07
1481,36103146606.0,03,2013,2,1471243,1.35939474308e-06
1482,36103158802.0,03,2013,1,1471243,6.79697371542e-07
1483,36103159510.0,03,2013,1,1471243,6.79697371542e-07
1484,36119000103.0,03,2013,1,1471243,6.79697371542e-07
1485,36119000104.0,03,2013,1,1471243,6.79697371542e-07
1486,36119000401.0,03,2013,2,1471243,1.35939474308e-06
1487,36119000402.0,03,2013,1,1471243,6.79697371542e-07
1488,36119000702.0,03,2013,2,1471243,1.35939474308e-06
1489,36119001503.0,03,2013,1,1471243,6.79697371542e-07
1490,36119001900.0,03,2013,1,1471243,6.79697371542e-07
1491,36119002000.0,03,2013,1,1471243,6.79697371542e-07
1492,36119002202.0,03,2013,1,1471243,6.79697371542e-07
1493,36119002600.0,03,2013,2,1471243,1.35939474308e-06
1494,36119005500.0,03,2013,1,1471243,6.79697371542e-07
1495,36119005800.0,03,2013,1,1471243,6.79697371542e-07
1496,36119006400.0,03,2013,1,1471243,6.79697371542e-07
1497,36119006600.0,03,2013,1,1471243,6.79697371542e-07
1498,36119007500.0,03,2013,1,1471243,6.79697371542e-07
1499,36119008302.0,03,2013,1,1471243,6.79697371542e-07
1500,36119008602.0,03,2013,2,1471243,1.35939474308e-06
1501,36119009200.0,03,2013,1,1471243,6.79697371542e-07
1502,36119009300.0,03,2013,1,1471243,6.79697371542e-07
1503,36119009600.0,03,2013,1,1471243,6.79697371542e-07
1504,36119010801.0,03,2013,1,1471243,6.79697371542e-07
1505,36119010903.0,03,2013,1,1471243,6.79697371542e-07
1506,36119011400.0,03,2013,1,1471243,6.79697371542e-07
1507,36119012200.0,03,2013,1,1471243,6.79697371542e-07
1508,36119012303.0,03,2013,9,1471243,6.11727634388e-06
1509,36119013400.0,03,2013,1,1471243,6.79697371542e-07
