,BoroCT2010,CT2010,NTACode,tract_fips_10
0,5000900,900,SI22,36085000900.0
1,5012500,12500,SI22,36085012500.0
2,5013301,13301,SI22,36085013301.0
3,5019700,19700,SI07,36085019700.0
4,5002002,2002,SI14,36085002002.0
5,5006400,6400,SI14,36085006400.0
6,5007400,7400,SI14,36085007400.0
7,1002202,2202,MN28,36061002202.0
8,1003200,3200,MN22,36061003200.0
9,1006800,6800,MN21,36061006800.0
10,1008900,8900,MN13,36061008900.0
11,1009600,9600,MN17,36061009600.0
12,1009800,9800,MN19,36061009800.0
13,1010000,10000,MN19,36061010000.0
14,1010200,10200,MN17,36061010200.0
15,1010400,10400,MN17,36061010400.0
16,1011201,11201,MN17,36061011201.0
17,1011202,11202,MN17,36061011202.0
18,1011203,11203,MN19,36061011203.0
19,1011300,11300,MN17,36061011300.0
20,1011402,11402,MN40,36061011402.0
21,1013000,13000,MN40,36061013000.0
22,1014000,14000,MN40,36061014000.0
23,1014601,14601,MN32,36061014601.0
24,1014602,14602,MN32,36061014602.0
25,1014801,14801,MN40,36061014801.0
26,1014802,14802,MN40,36061014802.0
27,1015300,15300,MN14,36061015300.0
28,1015400,15400,MN32,36061015400.0
29,1015601,15601,MN32,36061015601.0
30,1015602,15602,MN33,36061015602.0
31,1016001,16001,MN40,36061016001.0
32,1018400,18400,MN34,36061018400.0
33,1019000,19000,MN11,36061019000.0
34,1020101,20101,MN09,36061020101.0
35,1020102,20102,MN11,36061020102.0
36,1020600,20600,MN03,36061020600.0
37,1021800,21800,MN11,36061021800.0
38,1022000,22000,MN11,36061022000.0
39,1022900,22900,MN04,36061022900.0
40,1023400,23400,MN03,36061023400.0
41,1023900,23900,MN36,36061023900.0
42,1024900,24900,MN36,36061024900.0
43,1025300,25300,MN36,36061025300.0
44,1025700,25700,MN11,36061025700.0
45,1026100,26100,MN36,36061026100.0
46,1026300,26300,MN36,36061026300.0
47,1026700,26700,MN35,36061026700.0
48,1026900,26900,MN35,36061026900.0
49,1027700,27700,MN35,36061027700.0
50,3000501,501,BK09,36047000501.0
51,3002000,2000,BK32,36047002000.0
52,3004100,4100,BK38,36047004100.0
53,3005201,5201,BK31,36047005201.0
54,3005202,5202,BK31,36047005202.0
55,3005800,5800,BK31,36047005800.0
56,3006000,6000,BK31,36047006000.0
57,3006500,6500,BK33,36047006500.0
58,3006700,6700,BK33,36047006700.0
59,3006900,6900,BK38,36047006900.0
60,3007400,7400,BK32,36047007400.0
61,3007600,7600,BK32,36047007600.0
62,3007800,7800,BK32,36047007800.0
63,3008000,8000,BK32,36047008000.0
64,3009800,9800,BK34,36047009800.0
65,3010100,10100,BK32,36047010100.0
66,3010200,10200,BK34,36047010200.0
67,3010400,10400,BK34,36047010400.0
68,3010800,10800,BK34,36047010800.0
69,3011000,11000,BK34,36047011000.0
70,3011400,11400,BK88,36047011400.0
71,3011800,11800,BK34,36047011800.0
72,3012100,12100,BK37,36047012100.0
73,3012801,12801,BK30,36047012801.0
74,3013000,13000,BK31,36047013000.0
75,3013200,13200,BK30,36047013200.0
76,3013300,13300,BK37,36047013300.0
77,3013600,13600,BK31,36047013600.0
78,3013700,13700,BK37,36047013700.0
79,3013900,13900,BK37,36047013900.0
80,3015100,15100,BK37,36047015100.0
81,3015300,15300,BK37,36047015300.0
82,3015500,15500,BK37,36047015500.0
83,3015700,15700,BK37,36047015700.0
84,3016500,16500,BK37,36047016500.0
85,3017000,17000,BK27,36047017000.0
86,3017200,17200,BK27,36047017200.0
87,3017800,17800,BK27,36047017800.0
88,3018200,18200,BK28,36047018200.0
89,3018400,18400,BK28,36047018400.0
90,3018600,18600,BK28,36047018600.0
91,3018800,18800,BK28,36047018800.0
92,3019000,19000,BK28,36047019000.0
93,3019200,19200,BK88,36047019200.0
94,3019400,19400,BK30,36047019400.0
95,3019500,19500,BK69,36047019500.0
96,3019600,19600,BK30,36047019600.0
97,3019700,19700,BK69,36047019700.0
98,3019800,19800,BK30,36047019800.0
99,3020400,20400,BK30,36047020400.0
100,3020800,20800,BK30,36047020800.0
101,3021000,21000,BK30,36047021000.0
102,3021200,21200,BK30,36047021200.0
103,3021400,21400,BK88,36047021400.0
104,3021900,21900,BK61,36047021900.0
105,3022000,22000,BK88,36047022000.0
106,3022100,22100,BK61,36047022100.0
107,3022200,22200,BK88,36047022200.0
108,3022700,22700,BK69,36047022700.0
109,3022900,22900,BK69,36047022900.0
110,3023100,23100,BK69,36047023100.0
111,3023500,23500,BK69,36047023500.0
112,3023600,23600,BK88,36047023600.0
113,3023800,23800,BK88,36047023800.0
114,3024000,24000,BK88,36047024000.0
115,3024200,24200,BK88,36047024200.0
116,3024500,24500,BK75,36047024500.0
117,3024600,24600,BK88,36047024600.0
118,3024700,24700,BK61,36047024700.0
119,3024800,24800,BK28,36047024800.0
120,3024900,24900,BK75,36047024900.0
121,3025000,25000,BK28,36047025000.0
122,3025200,25200,BK28,36047025200.0
123,3025400,25400,BK28,36047025400.0
124,3025600,25600,BK28,36047025600.0
125,3025800,25800,BK28,36047025800.0
126,3026000,26000,BK28,36047026000.0
127,3026200,26200,BK28,36047026200.0
128,3026300,26300,BK75,36047026300.0
129,3026400,26400,BK28,36047026400.0
130,3026600,26600,BK28,36047026600.0
131,3026700,26700,BK75,36047026700.0
132,3026800,26800,BK28,36047026800.0
133,3026900,26900,BK75,36047026900.0
134,3027000,27000,BK28,36047027000.0
135,3027100,27100,BK61,36047027100.0
136,3027200,27200,BK28,36047027200.0
137,3027300,27300,BK35,36047027300.0
138,3027400,27400,BK28,36047027400.0
139,3027600,27600,BK28,36047027600.0
140,3027800,27800,BK28,36047027800.0
141,3027900,27900,BK35,36047027900.0
142,3028400,28400,BK28,36047028400.0
143,3028501,28501,BK78,36047028501.0
144,3028800,28800,BK28,36047028800.0
145,3029000,29000,BK28,36047029000.0
146,3029100,29100,BK35,36047029100.0
147,3029300,29300,BK35,36047029300.0
148,3029600,29600,BK28,36047029600.0
149,3029700,29700,BK61,36047029700.0
150,3029800,29800,BK29,36047029800.0
151,3030000,30000,BK29,36047030000.0
152,3030200,30200,BK29,36047030200.0
153,3030500,30500,BK61,36047030500.0
154,3030900,30900,BK61,36047030900.0
155,3031701,31701,BK61,36047031701.0
156,3032300,32300,BK63,36047032300.0
157,3032600,32600,BK21,36047032600.0
158,3032900,32900,BK60,36047032900.0
159,3033100,33100,BK63,36047033100.0
160,3033300,33300,BK63,36047033300.0
161,3033500,33500,BK63,36047033500.0
162,3033700,33700,BK61,36047033700.0
163,3033900,33900,BK61,36047033900.0
164,3034100,34100,BK61,36047034100.0
165,3034200,34200,BK21,36047034200.0
166,3036300,36300,BK79,36047036300.0
167,3036502,36502,BK79,36047036502.0
168,3038800,38800,BK25,36047038800.0
169,3039600,39600,BK25,36047039600.0
170,3039700,39700,BK78,36047039700.0
171,3039900,39900,BK78,36047039900.0
172,3040100,40100,BK78,36047040100.0
173,3040400,40400,BK29,36047040400.0
174,3040600,40600,BK29,36047040600.0
175,3040800,40800,BK29,36047040800.0
176,3041300,41300,BK78,36047041300.0
177,3041401,41401,BK25,36047041401.0
178,3041500,41500,BK78,36047041500.0
179,3041700,41700,BK78,36047041700.0
180,3041800,41800,BK25,36047041800.0
181,3041900,41900,BK78,36047041900.0
182,3042000,42000,BK25,36047042000.0
183,3042100,42100,BK78,36047042100.0
184,3042600,42600,BK29,36047042600.0
185,3042700,42700,BK77,36047042700.0
186,3042800,42800,BK29,36047042800.0
187,3042900,42900,BK77,36047042900.0
188,3043000,43000,BK29,36047043000.0
189,3043100,43100,BK77,36047043100.0
190,3043200,43200,BK29,36047043200.0
191,3043300,43300,BK77,36047043300.0
192,3043400,43400,BK29,36047043400.0
193,3043500,43500,BK77,36047043500.0
194,3043600,43600,BK29,36047043600.0
195,3043700,43700,BK77,36047043700.0
196,3043900,43900,BK77,36047043900.0
197,3044000,44000,BK46,36047044000.0
198,3044100,44100,BK77,36047044100.0
199,3044200,44200,BK46,36047044200.0
200,3044300,44300,BK77,36047044300.0
201,3044400,44400,BK46,36047044400.0
202,3044600,44600,BK88,36047044600.0
203,3045200,45200,BK46,36047045200.0
204,3045400,45400,BK46,36047045400.0
205,3045600,45600,BK43,36047045600.0
206,3045800,45800,BK43,36047045800.0
207,3046000,46000,BK42,36047046000.0
208,3046400,46400,BK88,36047046400.0
209,3047000,47000,BK88,36047047000.0
210,3047200,47200,BK88,36047047200.0
211,3047400,47400,BK88,36047047400.0
212,3047600,47600,BK88,36047047600.0
213,3048100,48100,BK90,36047048100.0
214,3049500,49500,BK90,36047049500.0
215,3049900,49900,BK76,36047049900.0
216,3050300,50300,BK90,36047050300.0
217,3050500,50500,BK90,36047050500.0
218,3050700,50700,BK75,36047050700.0
219,3050801,50801,BK42,36047050801.0
220,3051001,51001,BK42,36047051001.0
221,3051400,51400,BK42,36047051400.0
222,3051601,51601,BK42,36047051601.0
223,3051602,51602,BK42,36047051602.0
224,3051700,51700,BK73,36047051700.0
225,3051800,51800,BK42,36047051800.0
226,3052000,52000,BK42,36047052000.0
227,3052600,52600,BK42,36047052600.0
228,3052800,52800,BK42,36047052800.0
229,3053000,53000,BK43,36047053000.0
230,3053100,53100,BK75,36047053100.0
231,3053200,53200,BK43,36047053200.0
232,3053300,53300,BK72,36047053300.0
233,3053400,53400,BK43,36047053400.0
234,3053800,53800,BK43,36047053800.0
235,3054200,54200,BK43,36047054200.0
236,3054400,54400,BK43,36047054400.0
237,3055000,55000,BK44,36047055000.0
238,3055200,55200,BK44,36047055200.0
239,3055300,55300,BK73,36047055300.0
240,3055800,55800,BK44,36047055800.0
241,3056000,56000,BK44,36047056000.0
242,3056200,56200,BK44,36047056200.0
243,3056400,56400,BK44,36047056400.0
244,3056500,56500,BK76,36047056500.0
245,3056600,56600,BK44,36047056600.0
246,3056800,56800,BK44,36047056800.0
247,3056900,56900,BK76,36047056900.0
248,3057000,57000,BK17,36047057000.0
249,3057100,57100,BK76,36047057100.0
250,3057200,57200,BK17,36047057200.0
251,3057300,57300,BK76,36047057300.0
252,3057400,57400,BK44,36047057400.0
253,3057600,57600,BK44,36047057600.0
254,3057800,57800,BK44,36047057800.0
255,3058000,58000,BK44,36047058000.0
256,3058600,58600,BK17,36047058600.0
257,3059100,59100,BK76,36047059100.0
258,3059200,59200,BK17,36047059200.0
259,3059300,59300,BK76,36047059300.0
260,3059401,59401,BK17,36047059401.0
261,3059402,59402,BK17,36047059402.0
262,3059600,59600,BK17,36047059600.0
263,3060000,60000,BK17,36047060000.0
264,3061003,61003,BK19,36047061003.0
265,3061200,61200,BK17,36047061200.0
266,3063200,63200,BK17,36047063200.0
267,3063600,63600,BK45,36047063600.0
268,3063800,63800,BK44,36047063800.0
269,3064000,64000,BK45,36047064000.0
270,3064600,64600,BK45,36047064600.0
271,3064800,64800,BK45,36047064800.0
272,3065000,65000,BK58,36047065000.0
273,3065200,65200,BK45,36047065200.0
274,3065400,65400,BK45,36047065400.0
275,3065600,65600,BK45,36047065600.0
276,3065800,65800,BK45,36047065800.0
277,3066000,66000,BK45,36047066000.0
278,3067000,67000,BK45,36047067000.0
279,3067200,67200,BK58,36047067200.0
280,3067400,67400,BK58,36047067400.0
281,3067600,67600,BK58,36047067600.0
282,3067800,67800,BK58,36047067800.0
283,3068000,68000,BK58,36047068000.0
284,3068200,68200,BK58,36047068200.0
285,3068600,68600,BK45,36047068600.0
286,3068800,68800,BK58,36047068800.0
287,3069000,69000,BK58,36047069000.0
288,3069200,69200,BK58,36047069200.0
289,3072800,72800,BK58,36047072800.0
290,3073400,73400,BK58,36047073400.0
291,3073600,73600,BK58,36047073600.0
292,3073800,73800,BK58,36047073800.0
293,3074000,74000,BK58,36047074000.0
294,3074200,74200,BK58,36047074200.0
295,3074400,74400,BK58,36047074400.0
296,3074600,74600,BK58,36047074600.0
297,3074800,74800,BK43,36047074800.0
298,3075000,75000,BK43,36047075000.0
299,3075200,75200,BK43,36047075200.0
300,3075400,75400,BK43,36047075400.0
301,3075600,75600,BK43,36047075600.0
302,3076000,76000,BK43,36047076000.0
303,3076200,76200,BK43,36047076200.0
304,3076400,76400,BK42,36047076400.0
305,3076800,76800,BK43,36047076800.0
306,3077400,77400,BK42,36047077400.0
307,3078400,78400,BK91,36047078400.0
308,3079000,79000,BK95,36047079000.0
309,3079200,79200,BK95,36047079200.0
310,3079601,79601,BK60,36047079601.0
311,3080000,80000,BK60,36047080000.0
312,3080400,80400,BK60,36047080400.0
313,3080600,80600,BK60,36047080600.0
314,3081000,81000,BK60,36047081000.0
315,3081400,81400,BK91,36047081400.0
316,3081800,81800,BK95,36047081800.0
317,3082400,82400,BK95,36047082400.0
318,3083200,83200,BK91,36047083200.0
319,3083600,83600,BK91,36047083600.0
320,3083800,83800,BK91,36047083800.0
321,3084000,84000,BK91,36047084000.0
322,3084600,84600,BK96,36047084600.0
323,3084800,84800,BK96,36047084800.0
324,3085000,85000,BK91,36047085000.0
325,3085600,85600,BK91,36047085600.0
326,3086000,86000,BK91,36047086000.0
327,3086200,86200,BK96,36047086200.0
328,3086400,86400,BK96,36047086400.0
329,3086600,86600,BK96,36047086600.0
330,3086800,86800,BK96,36047086800.0
331,3087000,87000,BK91,36047087000.0
332,3087200,87200,BK91,36047087200.0
333,3087401,87401,BK60,36047087401.0
334,3087800,87800,BK60,36047087800.0
335,3088200,88200,BK96,36047088200.0
336,3088400,88400,BK96,36047088400.0
337,3088600,88600,BK96,36047088600.0
338,3088800,88800,BK96,36047088800.0
339,3089000,89000,BK96,36047089000.0
340,3089400,89400,BK81,36047089400.0
341,3089600,89600,BK81,36047089600.0
342,3089800,89800,BK81,36047089800.0
343,3090200,90200,BK81,36047090200.0
344,3090600,90600,BK81,36047090600.0
345,3091600,91600,BK81,36047091600.0
346,3091800,91800,BK81,36047091800.0
347,3092000,92000,BK81,36047092000.0
348,3092200,92200,BK81,36047092200.0
349,3092400,92400,BK81,36047092400.0
350,3092800,92800,BK96,36047092800.0
351,3093000,93000,BK96,36047093000.0
352,3093800,93800,BK96,36047093800.0
353,3095400,95400,BK50,36047095400.0
354,3095600,95600,BK50,36047095600.0
355,3095800,95800,BK50,36047095800.0
356,3096400,96400,BK50,36047096400.0
357,3096600,96600,BK50,36047096600.0
358,3096800,96800,BK50,36047096800.0
359,3097000,97000,BK50,36047097000.0
360,3098400,98400,BK50,36047098400.0
361,3098600,98600,BK50,36047098600.0
362,3098800,98800,BK50,36047098800.0
363,3099000,99000,BK50,36047099000.0
364,3099200,99200,BK50,36047099200.0
365,3099400,99400,BK50,36047099400.0
366,3099600,99600,BK50,36047099600.0
367,3100400,100400,BK50,36047100400.0
368,3100600,100600,BK50,36047100600.0
369,3100800,100800,BK50,36047100800.0
370,3101000,101000,BK50,36047101000.0
371,3101200,101200,BK50,36047101200.0
372,3101400,101400,BK50,36047101400.0
373,3101600,101600,BK50,36047101600.0
374,3101800,101800,BK50,36047101800.0
375,3102000,102000,BK50,36047102000.0
376,3102400,102400,BK50,36047102400.0
377,3102600,102600,BK50,36047102600.0
378,3111000,111000,BK82,36047111000.0
379,3112000,112000,BK82,36047112000.0
380,3112200,112200,BK85,36047112200.0
381,3112400,112400,BK82,36047112400.0
382,3112600,112600,BK85,36047112600.0
383,3112800,112800,BK85,36047112800.0
384,3113000,113000,BK85,36047113000.0
385,3113400,113400,BK85,36047113400.0
386,3114600,114600,BK83,36047114600.0
387,3115000,115000,BK82,36047115000.0
388,3115200,115200,BK82,36047115200.0
389,3115600,115600,BK85,36047115600.0
390,3115800,115800,BK85,36047115800.0
391,3116000,116000,BK82,36047116000.0
392,3116200,116200,BK82,36047116200.0
393,3116400,116400,BK82,36047116400.0
394,3116600,116600,BK82,36047116600.0
395,3116800,116800,BK82,36047116800.0
396,3117000,117000,BK82,36047117000.0
397,3117201,117201,BK83,36047117201.0
398,3117202,117202,BK83,36047117202.0
399,3119200,119200,BK82,36047119200.0
400,3119400,119400,BK82,36047119400.0
401,2001600,1600,BX09,36005001600.0
402,2002701,2701,BX39,36005002701.0
403,2003300,3300,BX39,36005003300.0
404,2003500,3500,BX39,36005003500.0
405,2003700,3700,BX39,36005003700.0
406,2003800,3800,BX09,36005003800.0
407,2004001,4001,BX55,36005004001.0
408,2004400,4400,BX55,36005004400.0
409,2004800,4800,BX55,36005004800.0
410,2005002,5002,BX55,36005005002.0
411,2006800,6800,BX55,36005006800.0
412,2007000,7000,BX55,36005007000.0
413,2008900,8900,BX27,36005008900.0
414,2012101,12101,BX35,36005012101.0
415,2012102,12102,BX27,36005012102.0
416,2012500,12500,BX35,36005012500.0
417,2012701,12701,BX27,36005012701.0
418,2013000,13000,BX52,36005013000.0
419,2013100,13100,BX33,36005013100.0
420,2014300,14300,BX14,36005014300.0
421,2016200,16200,BX52,36005016200.0
422,2016300,16300,BX99,36005016300.0
423,2016600,16600,BX52,36005016600.0
424,2017500,17500,BX14,36005017500.0
425,2017701,17701,BX14,36005017701.0
426,2017901,17901,BX14,36005017901.0
427,2017902,17902,BX14,36005017902.0
428,2018101,18101,BX14,36005018101.0
429,2018102,18102,BX14,36005018102.0
430,2020200,20200,BX59,36005020200.0
431,2020400,20400,BX59,36005020400.0
432,2020601,20601,BX59,36005020601.0
433,2021601,21601,BX08,36005021601.0
434,2022102,22102,BX63,36005022102.0
435,2022300,22300,BX63,36005022300.0
436,2023200,23200,BX37,36005023200.0
437,2023600,23600,BX37,36005023600.0
438,2023703,23703,BX40,36005023703.0
439,2023704,23704,BX40,36005023704.0
440,2023900,23900,BX40,36005023900.0
441,2024100,24100,BX41,36005024100.0
442,2024300,24300,BX36,36005024300.0
443,2024502,24502,BX36,36005024502.0
444,2024600,24600,BX49,36005024600.0
445,2024900,24900,BX36,36005024900.0
446,2025000,25000,BX49,36005025000.0
447,2025200,25200,BX37,36005025200.0
448,2025400,25400,BX37,36005025400.0
449,2028600,28600,BX37,36005028600.0
450,2028700,28700,BX29,36005028700.0
451,2028800,28800,BX49,36005028800.0
452,2030100,30100,BX29,36005030100.0
453,2031200,31200,BX31,36005031200.0
454,2031400,31400,BX31,36005031400.0
455,2031600,31600,BX31,36005031600.0
456,2031800,31800,BX31,36005031800.0
457,2032400,32400,BX07,36005032400.0
458,2032600,32600,BX31,36005032600.0
459,2033000,33000,BX07,36005033000.0
460,2033800,33800,BX07,36005033800.0
461,2036000,36000,BX31,36005036000.0
462,2036400,36400,BX03,36005036400.0
463,2036502,36502,BX17,36005036502.0
464,2036800,36800,BX44,36005036800.0
465,2037000,37000,BX44,36005037000.0
466,2037200,37200,BX44,36005037200.0
467,2038700,38700,BX06,36005038700.0
468,2039200,39200,BX44,36005039200.0
469,2039400,39400,BX44,36005039400.0
470,2039600,39600,BX44,36005039600.0
471,2039800,39800,BX44,36005039800.0
472,2039902,39902,BX05,36005039902.0
473,2040100,40100,BX05,36005040100.0
474,2040303,40303,BX28,36005040303.0
475,2040304,40304,BX28,36005040304.0
476,2040400,40400,BX44,36005040400.0
477,2040501,40501,BX05,36005040501.0
478,2040502,40502,BX05,36005040502.0
479,2040600,40600,BX44,36005040600.0
480,2040701,40701,BX28,36005040701.0
481,2040702,40702,BX05,36005040702.0
482,2041500,41500,BX05,36005041500.0
483,2042200,42200,BX44,36005042200.0
484,2042300,42300,BX43,36005042300.0
485,2042400,42400,BX44,36005042400.0
486,2042800,42800,BX62,36005042800.0
487,2042902,42902,BX43,36005042902.0
488,2043000,43000,BX62,36005043000.0
489,2043400,43400,BX62,36005043400.0
490,2043600,43600,BX62,36005043600.0
491,2045101,45101,BX62,36005045101.0
492,2015300,15300,BX75,36005015300.0
493,5008900,8900,SI22,36085008900.0
494,4000200,200,QN53,36081000200.0
495,4000400,400,QN53,36081000400.0
496,4000600,600,QN53,36081000600.0
497,4000800,800,QN53,36081000800.0
498,4001000,1000,QN53,36081001000.0
499,4001200,1200,QN53,36081001200.0
500,4001400,1400,QN53,36081001400.0
501,4001600,1600,QN53,36081001600.0
502,4002200,2200,QN53,36081002200.0
503,4002800,2800,QN54,36081002800.0
504,4003100,3100,QN68,36081003100.0
505,4003600,3600,QN53,36081003600.0
506,4003800,3800,QN53,36081003800.0
507,4003900,3900,QN68,36081003900.0
508,4004001,4001,QN53,36081004001.0
509,4004200,4200,QN53,36081004200.0
510,4004401,4401,QN56,36081004401.0
511,4005000,5000,QN56,36081005000.0
512,4005100,5100,QN68,36081005100.0
513,4005200,5200,QN53,36081005200.0
514,4005400,5400,QN56,36081005400.0
515,4006502,6502,QN70,36081006502.0
516,4007300,7300,QN71,36081007300.0
517,4007900,7900,QN71,36081007900.0
518,4009100,9100,QN71,36081009100.0
519,4009400,9400,QN55,36081009400.0
520,4009700,9700,QN72,36081009700.0
521,4010100,10100,QN72,36081010100.0
522,4010200,10200,QN55,36081010200.0
523,4010400,10400,QN55,36081010400.0
524,4010600,10600,QN55,36081010600.0
525,4010800,10800,QN54,36081010800.0
526,4011100,11100,QN72,36081011100.0
527,4011200,11200,QN54,36081011200.0
528,4011300,11300,QN72,36081011300.0
529,4011400,11400,QN54,36081011400.0
530,4011500,11500,QN72,36081011500.0
531,4011600,11600,QN54,36081011600.0
532,4011700,11700,QN72,36081011700.0
533,4011800,11800,QN54,36081011800.0
534,4011900,11900,QN72,36081011900.0
535,4012100,12100,QN72,36081012100.0
536,4012400,12400,QN54,36081012400.0
537,4012601,12601,QN54,36081012601.0
538,4012602,12602,QN54,36081012602.0
539,4012800,12800,QN54,36081012800.0
540,4013000,13000,QN54,36081013000.0
541,4013600,13600,QN60,36081013600.0
542,4014000,14000,QN60,36081014000.0
543,4014300,14300,QN70,36081014300.0
544,4014500,14500,QN70,36081014500.0
545,4014700,14700,QN70,36081014700.0
546,4014900,14900,QN70,36081014900.0
547,4015300,15300,QN70,36081015300.0
548,4015400,15400,QN54,36081015400.0
549,4015600,15600,QN54,36081015600.0
550,4015802,15802,QN55,36081015802.0
551,4016100,16100,QN70,36081016100.0
552,4016400,16400,QN55,36081016400.0
553,4016600,16600,QN55,36081016600.0
554,4016800,16800,QN55,36081016800.0
555,4017200,17200,QN55,36081017200.0
556,4018000,18000,QN55,36081018000.0
557,4018401,18401,QN76,36081018401.0
558,4018402,18402,QN76,36081018402.0
559,4018501,18501,QN31,36081018501.0
560,4018502,18502,QN31,36081018502.0
561,4018600,18600,QN76,36081018600.0
562,4019000,19000,QN76,36081019000.0
563,4023000,23000,QN35,36081023000.0
564,4023200,23200,QN35,36081023200.0
565,4023600,23600,QN35,36081023600.0
566,4023800,23800,QN61,36081023800.0
567,4024700,24700,QN63,36081024700.0
568,4025900,25900,QN63,36081025900.0
569,4026100,26100,QN63,36081026100.0
570,4026600,26600,QN01,36081026600.0
571,4026901,26901,QN29,36081026901.0
572,4026902,26902,QN29,36081026902.0
573,4027000,27000,QN01,36081027000.0
574,4027100,27100,QN29,36081027100.0
575,4027200,27200,QN76,36081027200.0
576,4027300,27300,QN28,36081027300.0
577,4027400,27400,QN76,36081027400.0
578,4027500,27500,QN28,36081027500.0
579,4027700,27700,QN28,36081027700.0
580,4027900,27900,QN28,36081027900.0
581,4028000,28000,QN08,36081028000.0
582,4028100,28100,QN28,36081028100.0
583,4028200,28200,QN08,36081028200.0
584,4028300,28300,QN28,36081028300.0
585,4028500,28500,QN28,36081028500.0
586,4028700,28700,QN28,36081028700.0
587,4028900,28900,QN28,36081028900.0
588,4030903,30903,QN28,36081030903.0
589,4032700,32700,QN28,36081032700.0
590,4032900,32900,QN28,36081032900.0
591,4033700,33700,QN28,36081033700.0
592,4033900,33900,QN28,36081033900.0
593,4034700,34700,QN28,36081034700.0
594,4035100,35100,QN28,36081035100.0
595,4035300,35300,QN27,36081035300.0
596,4036100,36100,QN27,36081036100.0
597,4036300,36300,QN27,36081036300.0
598,4036500,36500,QN27,36081036500.0
599,4036700,36700,QN27,36081036700.0
600,4037100,37100,QN27,36081037100.0
601,4037500,37500,QN26,36081037500.0
602,4037700,37700,QN26,36081037700.0
603,4037900,37900,QN26,36081037900.0
604,4038400,38400,QN08,36081038400.0
605,4039400,39400,QN08,36081039400.0
606,4039900,39900,QN25,36081039900.0
607,4040000,40000,QN08,36081040000.0
608,4040100,40100,QN26,36081040100.0
609,4040200,40200,QN08,36081040200.0
610,4040300,40300,QN26,36081040300.0
611,4041100,41100,QN25,36081041100.0
612,4041300,41300,QN25,36081041300.0
613,4041500,41500,QN25,36081041500.0
614,4043400,43400,QN01,36081043400.0
615,4044301,44301,QN25,36081044301.0
616,4044302,44302,QN25,36081044302.0
617,4044602,44602,QN61,36081044602.0
618,4044800,44800,QN35,36081044800.0
619,4045700,45700,QN29,36081045700.0
620,4045900,45900,QN29,36081045900.0
621,4046100,46100,QN29,36081046100.0
622,4046300,46300,QN29,36081046300.0
623,4046500,46500,QN29,36081046500.0
624,4046700,46700,QN29,36081046700.0
625,4046900,46900,QN29,36081046900.0
626,4048100,48100,QN29,36081048100.0
627,4048300,48300,QN50,36081048300.0
628,4048400,48400,QN07,36081048400.0
629,4048900,48900,QN50,36081048900.0
630,4049500,49500,QN30,36081049500.0
631,4049600,49600,QN34,36081049600.0
632,4049900,49900,QN29,36081049900.0
633,4050201,50201,QN07,36081050201.0
634,4050202,50202,QN07,36081050202.0
635,4050400,50400,QN07,36081050400.0
636,4050600,50600,QN07,36081050600.0
637,4050800,50800,QN07,36081050800.0
638,4051000,51000,QN07,36081051000.0
639,4051200,51200,QN34,36081051200.0
640,4051600,51600,QN34,36081051600.0
641,4051800,51800,QN08,36081051800.0
642,4052000,52000,QN08,36081052000.0
643,4052200,52200,QN08,36081052200.0
644,4052400,52400,QN08,36081052400.0
645,4052500,52500,QN30,36081052500.0
646,4052600,52600,QN08,36081052600.0
647,4053000,53000,QN08,36081053000.0
648,4053200,53200,QN34,36081053200.0
649,4053401,53401,QN33,36081053401.0
650,4053601,53601,QN34,36081053601.0
651,4054000,54000,QN34,36081054000.0
652,4054200,54200,QN34,36081054200.0
653,4054500,54500,QN20,36081054500.0
654,4054700,54700,QN20,36081054700.0
655,4054900,54900,QN20,36081054900.0
656,4055100,55100,QN20,36081055100.0
657,4055300,55300,QN20,36081055300.0
658,4055500,55500,QN20,36081055500.0
659,4055600,55600,QN34,36081055600.0
660,4055800,55800,QN34,36081055800.0
661,4057700,57700,QN19,36081057700.0
662,4057900,57900,QN19,36081057900.0
663,4058100,58100,QN20,36081058100.0
664,4058300,58300,QN20,36081058300.0
665,4058500,58500,QN20,36081058500.0
666,4058700,58700,QN20,36081058700.0
667,4058900,58900,QN20,36081058900.0
668,4059100,59100,QN20,36081059100.0
669,4059300,59300,QN20,36081059300.0
670,4059400,59400,QN33,36081059400.0
671,4059600,59600,QN33,36081059600.0
672,4059800,59800,QN33,36081059800.0
673,4059900,59900,QN30,36081059900.0
674,4060000,60000,QN33,36081060000.0
675,4060600,60600,QN33,36081060600.0
676,4060800,60800,QN33,36081060800.0
677,4061301,61301,QN20,36081061301.0
678,4061400,61400,QN33,36081061400.0
679,4061800,61800,QN66,36081061800.0
680,4062700,62700,QN19,36081062700.0
681,4062900,62900,QN19,36081062900.0
682,4063200,63200,QN66,36081063200.0
683,4064101,64101,QN53,36081064101.0
684,4065702,65702,QN21,36081065702.0
685,4065703,65703,QN21,36081065703.0
686,4065900,65900,QN21,36081065900.0
687,4066000,66000,QN05,36081066000.0
688,4066100,66100,QN21,36081066100.0
689,4066300,66300,QN21,36081066300.0
690,4066701,66701,QN21,36081066701.0
691,4067100,67100,QN21,36081067100.0
692,4067700,67700,QN21,36081067700.0
693,4067900,67900,QN21,36081067900.0
694,4068700,68700,QN18,36081068700.0
695,4069000,69000,QN03,36081069000.0
696,4069300,69300,QN18,36081069300.0
697,4069500,69500,QN18,36081069500.0
698,4069701,69701,QN18,36081069701.0
699,4069702,69702,QN18,36081069702.0
700,4071304,71304,QN17,36081071304.0
701,4071306,71306,QN17,36081071306.0
702,4071900,71900,QN17,36081071900.0
703,4072100,72100,QN17,36081072100.0
704,4072900,72900,QN17,36081072900.0
705,4073100,73100,QN17,36081073100.0
706,4073900,73900,QN17,36081073900.0
707,4074100,74100,QN17,36081074100.0
708,4074300,74300,QN17,36081074300.0
709,4077903,77903,QN37,36081077903.0
710,4077904,77904,QN37,36081077904.0
711,4077906,77906,QN37,36081077906.0
712,4079900,79900,QN62,36081079900.0
713,4085300,85300,QN22,36081085300.0
714,4086100,86100,QN52,36081086100.0
715,4087100,87100,QN22,36081087100.0
716,4092200,92200,QN10,36081092200.0
717,4092800,92800,QN10,36081092800.0
718,4099801,99801,QN15,36081099801.0
719,4102900,102900,QN49,36081102900.0
720,4103300,103300,QN49,36081103300.0
721,4103900,103900,QN49,36081103900.0
722,4105900,105900,QN51,36081105900.0
723,4113900,113900,QN48,36081113900.0
724,4114700,114700,QN51,36081114700.0
725,4115700,115700,QN51,36081115700.0
726,4116100,116100,QN22,36081116100.0
727,4117500,117500,QN51,36081117500.0
728,4118100,118100,QN48,36081118100.0
729,4118500,118500,QN52,36081118500.0
730,4118700,118700,QN52,36081118700.0
731,4118900,118900,QN52,36081118900.0
732,4119100,119100,QN52,36081119100.0
733,4119300,119300,QN52,36081119300.0
734,4119500,119500,QN52,36081119500.0
735,4119900,119900,QN52,36081119900.0
736,4120100,120100,QN52,36081120100.0
737,4120300,120300,QN52,36081120300.0
738,4120500,120500,QN52,36081120500.0
739,4120700,120700,QN52,36081120700.0
740,4124100,124100,QN38,36081124100.0
741,4124700,124700,QN38,36081124700.0
742,4126500,126500,QN38,36081126500.0
743,4129104,129104,QN42,36081129104.0
744,4133900,133900,QN41,36081133900.0
745,4140901,140901,QN46,36081140901.0
746,4140902,140902,QN48,36081140902.0
747,4145102,145102,QN46,36081145102.0
748,4145900,145900,QN48,36081145900.0
749,4152902,152902,QN45,36081152902.0
750,4157102,157102,QN43,36081157102.0
751,4157901,157901,QN44,36081157901.0
752,4157902,157902,QN44,36081157902.0
753,4157903,157903,QN44,36081157903.0
754,4001800,1800,QN53,36081001800.0
755,4002000,2000,QN53,36081002000.0
756,4020400,20400,QN61,36081020400.0
757,2002702,2702,BX39,36005002702.0
758,4003000,3000,QN53,36081003000.0
759,4003200,3200,QN53,36081003200.0
760,4112900,112900,QN46,36081112900.0
761,4026700,26700,QN29,36081026700.0
762,2036901,36901,BX17,36005036901.0
763,2036902,36902,BX17,36005036902.0
764,3073000,73000,BK58,36047073000.0
765,3073200,73200,BK58,36047073200.0
766,2038900,38900,BX06,36005038900.0
767,4047000,47000,QN61,36081047000.0
768,2023301,23301,BX41,36005023301.0
769,2023501,23501,BX41,36005023501.0
770,2016500,16500,BX01,36005016500.0
771,2040302,40302,BX05,36005040302.0
772,2026702,26702,BX28,36005026702.0
773,2040900,40900,BX28,36005040900.0
774,4048000,48000,QN61,36081048000.0
775,4050000,50000,QN07,36081050000.0
776,2006400,6400,BX08,36005006400.0
777,2023302,23302,BX41,36005023302.0
778,2023502,23502,BX41,36005023502.0
779,4018800,18800,QN76,36081018800.0
780,4019200,19200,QN76,36081019200.0
781,4017400,17400,QN55,36081017400.0
782,4017600,17600,QN55,36081017600.0
783,4143500,143500,QN46,36081143500.0
784,4121100,121100,QN99,36081121100.0
785,4013800,13800,QN60,36081013800.0
786,4028400,28400,QN76,36081028400.0
787,4058000,58000,QN34,36081058000.0
788,4071303,71303,QN17,36081071303.0
789,4077902,77902,QN37,36081077902.0
790,4077907,77907,QN37,36081077907.0
791,4017000,17000,QN55,36081017000.0
792,4019400,19400,QN01,36081019400.0
793,3002200,2200,BK32,36047002200.0
794,2011900,11900,BX27,36005011900.0
795,3097400,97400,BK50,36047097400.0
796,3109800,109800,BK82,36047109800.0
797,3044500,44500,BK77,36047044500.0
798,3044700,44700,BK77,36047044700.0
799,4061602,61602,QN05,36081061602.0
800,1023502,23502,MN03,36061023502.0
801,3006600,6600,BK31,36047006600.0
802,3013400,13400,BK31,36047013400.0
803,1019702,19702,MN11,36061019702.0
804,1004000,4000,MN22,36061004000.0
805,3007000,7000,BK31,36047007000.0
806,3007200,7200,BK32,36047007200.0
807,3003800,3800,BK31,36047003800.0
808,2051600,51600,BX10,36005051600.0
809,3062000,62000,BK17,36047062000.0
810,3039000,39000,BK25,36047039000.0
811,2032800,32800,BX07,36005032800.0
812,2034000,34000,BX07,36005034000.0
813,3004900,4900,BK33,36047004900.0
814,3006300,6300,BK33,36047006300.0
815,3009400,9400,BK34,36047009400.0
816,3009600,9600,BK34,36047009600.0
817,3008200,8200,BK32,36047008200.0
818,3008600,8600,BK34,36047008600.0
819,3117602,117602,BK83,36047117602.0
820,3117800,117800,BK83,36047117800.0
821,4032800,32800,QN66,36081032800.0
822,1020500,20500,MN09,36061020500.0
823,3034900,34900,BK61,36047034900.0
824,3055100,55100,BK73,36047055100.0
825,2041800,41800,BX62,36005041800.0
826,3035100,35100,BK61,36047035100.0
827,3035300,35300,BK61,36047035300.0
828,3114202,114202,BK83,36047114202.0
829,3064200,64200,BK44,36047064200.0
830,3064400,64400,BK45,36047064400.0
831,4005500,5500,QN68,36081005500.0
832,3000502,502,BK09,36047000502.0
833,1010100,10100,MN17,36061010100.0
834,1010900,10900,MN17,36061010900.0
835,1011900,11900,MN17,36061011900.0
836,1012500,12500,MN17,36061012500.0
837,1013500,13500,MN15,36061013500.0
838,1016900,16900,MN12,36061016900.0
839,1017300,17300,MN12,36061017300.0
840,1017500,17500,MN12,36061017500.0
841,1022500,22500,MN04,36061022500.0
842,1020300,20300,MN09,36061020300.0
843,1023100,23100,MN04,36061023100.0
844,1024500,24500,MN36,36061024500.0
845,1025100,25100,MN36,36061025100.0
846,1027100,27100,MN35,36061027100.0
847,1029100,29100,MN01,36061029100.0
848,1029300,29300,MN01,36061029300.0
849,1002601,2601,MN28,36061002601.0
850,1002602,2602,MN28,36061002602.0
851,3001100,1100,BK38,36047001100.0
852,3020000,20000,BK30,36047020000.0
853,3020200,20200,BK30,36047020200.0
854,3016000,16000,BK31,36047016000.0
855,3016800,16800,BK27,36047016800.0
856,1006400,6400,MN21,36061006400.0
857,1010800,10800,MN19,36061010800.0
858,2013800,13800,BX52,36005013800.0
859,2015800,15800,BX52,36005015800.0
860,3036001,36001,BK19,36047036001.0
861,2037900,37900,BX41,36005037900.0
862,2038100,38100,BX41,36005038100.0
863,1003001,3001,MN27,36061003001.0
864,1003002,3002,MN22,36061003002.0
865,1005900,5900,MN23,36061005900.0
866,3089200,89200,BK81,36047089200.0
867,1005600,5600,MN13,36061005600.0
868,3005400,5400,BK31,36047005400.0
869,2002500,2500,BX39,36005002500.0
870,2015200,15200,BX52,36005015200.0
871,2044200,44200,BX62,36005044200.0
872,4065000,65000,QN66,36081065000.0
873,3060800,60800,BK17,36047060800.0
874,3058200,58200,BK25,36047058200.0
875,3055400,55400,BK25,36047055400.0
876,3055600,55600,BK25,36047055600.0
877,3152200,152200,BK42,36047152200.0
878,3021700,21700,BK61,36047021700.0
879,3083400,83400,BK91,36047083400.0
880,3085400,85400,BK91,36047085400.0
881,4078800,78800,QN76,36081078800.0
882,4091800,91800,QN99,36081091800.0
883,2022403,22403,BX49,36005022403.0
884,1001600,1600,MN27,36061001600.0
885,3046201,46201,BK42,36047046201.0
886,3046202,46202,BK46,36047046202.0
887,2044400,44400,BX62,36005044400.0
888,2044800,44800,BX62,36005044800.0
889,2034200,34200,BX31,36005034200.0
890,2034400,34400,BX31,36005034400.0
891,3051200,51200,BK42,36047051200.0
892,3025901,25901,BK75,36047025901.0
893,3025902,25902,BK75,36047025902.0
894,3094401,94401,BK58,36047094401.0
895,4056600,56600,QN34,36081056600.0
896,1027900,27900,MN35,36061027900.0
897,3066200,66200,BK45,36047066200.0
898,1004200,4200,MN22,36061004200.0
899,1006100,6100,MN23,36061006100.0
900,1013900,13900,MN15,36061013900.0
901,2016700,16700,BX01,36005016700.0
902,2022902,22902,BX41,36005022902.0
903,5012100,12100,SI35,36085012100.0
904,5007700,7700,SI22,36085007700.0
905,5001100,1100,SI22,36085001100.0
906,3016700,16700,BK37,36047016700.0
907,2022404,22404,BX49,36005022404.0
908,3069800,69800,BK45,36047069800.0
909,4094700,94700,QN23,36081094700.0
910,4076902,76902,QN17,36081076902.0
911,3098200,98200,BK50,36047098200.0
912,3105804,105804,BK93,36047105804.0
913,3003000,3000,BK31,36047003000.0
914,4140300,140300,QN46,36081140300.0
915,4032000,32000,QN03,36081032000.0
916,4061302,61302,QN20,36081061302.0
917,4062300,62300,QN19,36081062300.0
918,4062500,62500,QN19,36081062500.0
919,4074500,74500,QN17,36081074500.0
920,4037300,37300,QN27,36081037300.0
921,4101700,101700,QN47,36081101700.0
922,4114100,114100,QN51,36081114100.0
923,4022002,22002,QN35,36081022002.0
924,4045000,45000,QN35,36081045000.0
925,4077905,77905,QN37,36081077905.0
926,4126700,126700,QN38,36081126700.0
927,4121500,121500,QN62,36081121500.0
928,4122300,122300,QN38,36081122300.0
929,4134100,134100,QN41,36081134100.0
930,4141700,141700,QN48,36081141700.0
931,4047100,47100,QN29,36081047100.0
932,4048500,48500,QN50,36081048500.0
933,3036002,36002,BK19,36047036002.0
934,3085200,85200,BK99,36047085200.0
935,3085800,85800,BK91,36047085800.0
936,3119000,119000,BK83,36047119000.0
937,3119600,119600,BK82,36047119600.0
938,3050900,50900,BK72,36047050900.0
939,3056100,56100,BK76,36047056100.0
940,2036501,36501,BX17,36005036501.0
941,2022401,22401,BX49,36005022401.0
942,2033201,33201,BX07,36005033201.0
943,4015200,15200,QN54,36081015200.0
944,4020600,20600,QN61,36081020600.0
945,4047200,47200,QN06,36081047200.0
946,3072600,72600,BK58,36047072600.0
947,3093200,93200,BK91,36047093200.0
948,4059000,59000,QN33,36081059000.0
949,2007200,7200,BX55,36005007200.0
950,2004200,4200,BX09,36005004200.0
951,4004700,4700,QN70,36081004700.0
952,3090800,90800,BK81,36047090800.0
953,3114400,114400,BK85,36047114400.0
954,2037100,37100,BX17,36005037100.0
955,2039300,39300,BX06,36005039300.0
956,5011402,11402,SI45,36085011402.0
957,1023000,23000,MN03,36061023000.0
958,3111800,111800,BK82,36047111800.0
959,4091900,91900,QN23,36081091900.0
960,4092500,92500,QN23,36081092500.0
961,1001502,1502,MN25,36061001502.0
962,3062200,62200,BK17,36047062200.0
963,3076600,76600,BK42,36047076600.0
964,5001700,1700,SI37,36085001700.0
965,1012000,12000,MN40,36061012000.0
966,1012800,12800,MN40,36061012800.0
967,4055900,55900,QN20,36081055900.0
968,3040300,40300,BK78,36047040300.0
969,3040700,40700,BK99,36047040700.0
970,3052700,52700,BK73,36047052700.0
971,3052900,52900,BK72,36047052900.0
972,3051300,51300,BK73,36047051300.0
973,4094201,94201,QN10,36081094201.0
974,4045600,45600,QN35,36081045600.0
975,2021100,21100,BX26,36005021100.0
976,4050500,50500,QN21,36081050500.0
977,4050700,50700,QN21,36081050700.0
978,2021301,21301,BX36,36005021301.0
979,2021700,21700,BX36,36005021700.0
980,2022800,22800,BX49,36005022800.0
981,2023000,23000,BX37,36005023000.0
982,2027700,27700,BX28,36005027700.0
983,2027300,27300,BX28,36005027300.0
984,2042000,42000,BX44,36005042000.0
985,2040800,40800,BX44,36005040800.0
986,2037600,37600,BX44,36005037600.0
987,2021302,21302,BX26,36005021302.0
988,1031900,31900,MN99,36061031900.0
989,3025500,25500,BK75,36047025500.0
990,3025700,25700,BK75,36047025700.0
991,4003700,3700,QN68,36081003700.0
992,3002901,2901,BK68,36047002901.0
993,4157101,157101,QN43,36081157101.0
994,2007600,7600,BX08,36005007600.0
995,2026701,26701,BX28,36005026701.0
996,1004800,4800,MN21,36061004800.0
997,4063301,63301,QN19,36081063301.0
998,4063302,63302,QN19,36081063302.0
999,2024400,24400,BX37,36005024400.0
1000,2037800,37800,BX44,36005037800.0
1001,4085500,85500,QN22,36081085500.0
1002,4086300,86300,QN51,36081086300.0
1003,4086500,86500,QN22,36081086500.0
1004,4116300,116300,QN51,36081116300.0
1005,4104700,104700,QN51,36081104700.0
1006,4115900,115900,QN51,36081115900.0
1007,2036300,36300,BX17,36005036300.0
1008,2022500,22500,BX14,36005022500.0
1009,2022703,22703,BX41,36005022703.0
1010,2020900,20900,BX63,36005020900.0
1011,2022702,22702,BX41,36005022702.0
1012,2019900,19900,BX26,36005019900.0
1013,5017009,17009,SI48,36085017009.0
1014,1016002,16002,MN33,36061016002.0
1015,4035700,35700,QN27,36081035700.0
1016,1015002,15002,MN40,36061015002.0
1017,1015001,15001,MN40,36061015001.0
1018,3055700,55700,BK73,36047055700.0
1019,2009800,9800,BX59,36005009800.0
1020,2013300,13300,BX35,36005013300.0
1021,4009600,9600,QN55,36081009600.0
1022,4004500,4500,QN70,36081004500.0
1023,4005300,5300,QN70,36081005300.0
1024,3113200,113200,BK85,36047113200.0
1025,3048000,48000,BK42,36047048000.0
1026,3048200,48200,BK42,36047048200.0
1027,3048400,48400,BK41,36047048400.0
1028,5024800,24800,SI11,36085024800.0
1029,3117400,117400,BK83,36047117400.0
1030,3117601,117601,BK83,36047117601.0
1031,2021001,21001,BX46,36005021001.0
1032,2023800,23800,BX37,36005023800.0
1033,2022200,22200,BX46,36005022200.0
1034,5018901,18901,SI07,36085018901.0
1035,3003600,3600,BK31,36047003600.0
1036,3006800,6800,BK31,36047006800.0
1037,4144700,144700,QN46,36081144700.0
1038,4005700,5700,QN70,36081005700.0
1039,4005900,5900,QN70,36081005900.0
1040,4054800,54800,QN34,36081054800.0
1041,4047300,47300,QN29,36081047300.0
1042,2030000,30000,BX10,36005030000.0
1043,1023501,23501,MN04,36061023501.0
1044,4015500,15500,QN70,36081015500.0
1045,4015700,15700,QN70,36081015700.0
1046,4015900,15900,QN70,36081015900.0
1047,2041100,41100,BX05,36005041100.0
1048,3119800,119800,BK82,36047119800.0
1049,2018301,18301,BX14,36005018301.0
1050,2019500,19500,BX63,36005019500.0
1051,1019100,19100,MN12,36061019100.0
1052,3051900,51900,BK73,36047051900.0
1053,1010601,10601,MN19,36061010601.0
1054,3026100,26100,BK75,36047026100.0
1055,5017008,17008,SI48,36085017008.0
1056,2030200,30200,BX13,36005030200.0
1057,3110400,110400,BK82,36047110400.0
1058,3110600,110600,BK82,36047110600.0
1059,1016600,16600,MN33,36061016600.0
1060,5004700,4700,SI08,36085004700.0
1061,5014700,14700,SI07,36085014700.0
1062,5016901,16901,SI07,36085016901.0
1063,1004500,4500,MN24,36061004500.0
1064,5013204,13204,SI25,36085013204.0
1065,3013500,13500,BK37,36047013500.0
1066,3036700,36700,BK79,36047036700.0
1067,3040500,40500,BK78,36047040500.0
1068,1009500,9500,MN17,36061009500.0
1069,1009100,9100,MN13,36061009100.0
1070,1005800,5800,MN13,36061005800.0
1071,1006300,6300,MN23,36061006300.0
1072,3051100,51100,BK90,36047051100.0
1073,1013300,13300,MN15,36061013300.0
1074,1012700,12700,MN15,36061012700.0
1075,1012100,12100,MN15,36061012100.0
1076,1012900,12900,MN15,36061012900.0
1077,1008100,8100,MN13,36061008100.0
1078,1005400,5400,MN13,36061005400.0
1079,1008700,8700,MN13,36061008700.0
1080,3016900,16900,BK40,36047016900.0
1081,3017100,17100,BK40,36047017100.0
1082,2045102,45102,BX62,36005045102.0
1083,2041400,41400,BX62,36005041400.0
1084,4056800,56800,QN34,36081056800.0
1085,4059200,59200,QN33,36081059200.0
1086,4062200,62200,QN33,36081062200.0
1087,2018302,18302,BX14,36005018302.0
1088,1014401,14401,MN32,36061014401.0
1089,1015801,15801,MN40,36061015801.0
1090,1015802,15802,MN33,36061015802.0
1091,1022600,22600,MN03,36061022600.0
1092,3081600,81600,BK91,36047081600.0
1093,3102200,102200,BK50,36047102200.0
1094,1005501,5501,MN23,36061005501.0
1095,1020800,20800,MN03,36061020800.0
1096,2037400,37400,BX44,36005037400.0
1097,2038000,38000,BX44,36005038000.0
1098,2007700,7700,BX34,36005007700.0
1099,2007500,7500,BX34,36005007500.0
1100,2007300,7300,BX34,36005007300.0
1101,2007900,7900,BX34,36005007900.0
1102,4013200,13200,QN54,36081013200.0
1103,3035601,35601,BK23,36047035601.0
1104,3049100,49100,BK90,36047049100.0
1105,3061600,61600,BK17,36047061600.0
1106,3072400,72400,BK58,36047072400.0
1107,3094402,94402,BK58,36047094402.0
1108,4099802,99802,QN15,36081099802.0
1109,2037504,37504,BX17,36005037504.0
1110,2041300,41300,BX05,36005041300.0
1111,3053700,53700,BK72,36047053700.0
1112,2026500,26500,BX30,36005026500.0
1113,3042200,42200,BK25,36047042200.0
1114,3043800,43800,BK46,36047043800.0
1115,3105801,105801,BK93,36047105801.0
1116,3150200,150200,BK40,36047150200.0
1117,2038200,38200,BX44,36005038200.0
1118,3049400,49400,BK41,36047049400.0
1119,4007500,7500,QN70,36081007500.0
1120,4007700,7700,QN70,36081007700.0
1121,2014900,14900,BX35,36005014900.0
1122,2036100,36100,BX17,36005036100.0
1123,3055500,55500,BK73,36047055500.0
1124,4061900,61900,QN21,36081061900.0
1125,2033202,33202,BX07,36005033202.0
1126,4045500,45500,QN25,36081045500.0
1127,4056200,56200,QN34,36081056200.0
1128,4056400,56400,QN34,36081056400.0
1129,4063000,63000,QN66,36081063000.0
1130,4030904,30904,QN28,36081030904.0
1131,4049200,49200,QN06,36081049200.0
1132,1030300,30300,MN01,36061030300.0
1133,4012200,12200,QN54,36081012200.0
1134,4014400,14400,QN54,36081014400.0
1135,4015000,15000,QN54,36081015000.0
1136,3038500,38500,BK35,36047038500.0
1137,3029900,29900,BK61,36047029900.0
1138,3037900,37900,BK35,36047037900.0
1139,3038100,38100,BK61,36047038100.0
1140,3030100,30100,BK79,36047030100.0
1141,3037100,37100,BK79,36047037100.0
1142,1018900,18900,MN12,36061018900.0
1143,4012000,12000,QN54,36081012000.0
1144,4014800,14800,QN54,36081014800.0
1145,2003100,3100,BX39,36005003100.0
1146,2008300,8300,BX33,36005008300.0
1147,2005200,5200,BX55,36005005200.0
1148,4092900,92900,QN23,36081092900.0
1149,1013400,13400,MN31,36061013400.0
1150,3013100,13100,BK37,36047013100.0
1151,3014100,14100,BK37,36047014100.0
1152,3014900,14900,BK37,36047014900.0
1153,3014500,14500,BK32,36047014500.0
1154,3014700,14700,BK32,36047014700.0
1155,1009400,9400,MN17,36061009400.0
1156,1009200,9200,MN19,36061009200.0
1157,1011401,11401,MN40,36061011401.0
1158,1012200,12200,MN40,36061012200.0
1159,4146300,146300,QN46,36081146300.0
1160,3025300,25300,BK75,36047025300.0
1161,4146700,146700,QN46,36081146700.0
1162,1019200,19200,MN34,36061019200.0
1163,3020600,20600,BK30,36047020600.0
1164,4100801,100801,QN15,36081100801.0
1165,4002500,2500,QN68,36081002500.0
1166,4029500,29500,QN63,36081029500.0
1167,2000100,100,BX98,36005000100.0
1168,1000100,100,MN99,36061000100.0
1169,2024800,24800,BX49,36005024800.0
1170,3111600,111600,BK82,36047111600.0
1171,3121000,121000,BK82,36047121000.0
1172,2011502,11502,BX27,36005011502.0
1173,2012300,12300,BX75,36005012300.0
1174,3044800,44800,BK46,36047044800.0
1175,3045000,45000,BK46,36047045000.0
1176,3107000,107000,BK82,36047107000.0
1177,3107800,107800,BK82,36047107800.0
1178,3080200,80200,BK60,36047080200.0
1179,3075800,75800,BK43,36047075800.0
1180,4115100,115100,QN51,36081115100.0
1181,4117100,117100,QN51,36081117100.0
1182,4040500,40500,QN26,36081040500.0
1183,4040700,40700,QN26,36081040700.0
1184,4040900,40900,QN26,36081040900.0
1185,1013100,13100,MN17,36061013100.0
1186,1013700,13700,MN17,36061013700.0
1187,3062800,62800,BK17,36047062800.0
1188,3066600,66600,BK99,36047066600.0
1189,4071701,71701,QN18,36081071701.0
1190,4071702,71702,QN18,36081071702.0
1191,4025500,25500,QN63,36081025500.0
1192,4025700,25700,QN63,36081025700.0
1193,4026300,26300,QN63,36081026300.0
1194,4072300,72300,QN17,36081072300.0
1195,4073700,73700,QN17,36081073700.0
1196,4026500,26500,QN50,36081026500.0
1197,4029100,29100,QN28,36081029100.0
1198,4029300,29300,QN63,36081029300.0
1199,4029700,29700,QN63,36081029700.0
1200,4030902,30902,QN28,36081030902.0
1201,4051300,51300,QN30,36081051300.0
1202,1015700,15700,MN14,36061015700.0
1203,1016500,16500,MN12,36061016500.0
1204,1017700,17700,MN12,36061017700.0
1205,1018100,18100,MN12,36061018100.0
1206,1018500,18500,MN12,36061018500.0
1207,2021602,21602,BX46,36005021602.0
1208,2021002,21002,BX46,36005021002.0
1209,2021200,21200,BX46,36005021200.0
1210,2038800,38800,BX44,36005038800.0
1211,2039000,39000,BX44,36005039000.0
1212,2038600,38600,BX03,36005038600.0
1213,1020901,20901,MN09,36061020901.0
1214,2033500,33500,BX22,36005033500.0
1215,3028300,28300,BK35,36047028300.0
1216,1006700,6700,MN23,36061006700.0
1217,1006500,6500,MN23,36061006500.0
1218,1017000,17000,MN33,36061017000.0
1219,3037700,37700,BK35,36047037700.0
1220,3037300,37300,BK79,36047037300.0
1221,3037500,37500,BK35,36047037500.0
1222,4029400,29400,QN02,36081029400.0
1223,2022701,22701,BX41,36005022701.0
1224,2022901,22901,BX41,36005022901.0
1225,1021100,21100,MN09,36061021100.0
1226,4045800,45800,QN06,36081045800.0
1227,4046600,46600,QN06,36081046600.0
1228,1019701,19701,MN09,36061019701.0
1229,1020701,20701,MN09,36061020701.0
1230,2024501,24501,BX36,36005024501.0
1231,1021400,21400,MN03,36061021400.0
1232,1023200,23200,MN03,36061023200.0
1233,1023600,23600,MN03,36061023600.0
1234,4068300,68300,QN29,36081068300.0
1235,1019800,19800,MN34,36061019800.0
1236,1020000,20000,MN11,36061020000.0
1237,3007500,7500,BK33,36047007500.0
1238,4031700,31700,QN72,36081031700.0
1239,1016100,16100,MN12,36061016100.0
1240,2002800,2800,BX09,36005002800.0
1241,2005001,5001,BX55,36005005001.0
1242,1014500,14500,MN14,36061014500.0
1243,1014900,14900,MN14,36061014900.0
1244,3058900,58900,BK76,36047058900.0
1245,4016900,16900,QN31,36081016900.0
1246,2004600,4600,BX09,36005004600.0
1247,3034300,34300,BK61,36047034300.0
1248,3034500,34500,BK61,36047034500.0
1249,3011200,11200,BK34,36047011200.0
1250,1008300,8300,MN13,36061008300.0
1251,3040900,40900,BK77,36047040900.0
1252,3041100,41100,BK78,36047041100.0
1253,1007700,7700,MN23,36061007700.0
1254,1007900,7900,MN23,36061007900.0
1255,2031000,31000,BX31,36005031000.0
1256,3007100,7100,BK38,36047007100.0
1257,3012700,12700,BK38,36047012700.0
1258,3028600,28600,BK27,36047028600.0
1259,3029200,29200,BK27,36047029200.0
1260,4091601,91601,QN10,36081091601.0
1261,4091602,91602,QN99,36081091602.0
1262,2016000,16000,BX52,36005016000.0
1263,2027402,27402,BX10,36005027402.0
1264,1001002,1002,MN28,36061001002.0
1265,1002201,2201,MN28,36061002201.0
1266,3050803,50803,BK42,36047050803.0
1267,3050804,50804,BK42,36047050804.0
1268,3039400,39400,BK25,36047039400.0
1269,3041402,41402,BK25,36047041402.0
1270,3041600,41600,BK25,36047041600.0
1271,3093400,93400,BK96,36047093400.0
1272,3093600,93600,BK96,36047093600.0
1273,3094600,94600,BK96,36047094600.0
1274,4047800,47800,QN06,36081047800.0
1275,4048200,48200,QN07,36081048200.0
1276,3028502,28502,BK35,36047028502.0
1277,3001300,1300,BK38,36047001300.0
1278,4006100,6100,QN70,36081006100.0
1279,4006300,6300,QN70,36081006300.0
1280,4138501,138501,QN42,36081138501.0
1281,1016400,16400,MN33,36061016400.0
1282,1024301,24301,MN36,36061024301.0
1283,3069601,69601,BK45,36047069601.0
1284,3072000,72000,BK58,36047072000.0
1285,3072200,72200,BK58,36047072200.0
1286,3095000,95000,BK50,36047095000.0
1287,1009300,9300,MN13,36061009300.0
1288,4099200,99200,QN12,36081099200.0
1289,1022700,22700,MN04,36061022700.0
1290,1025900,25900,MN03,36061025900.0
1291,4033000,33000,QN02,36081033000.0
1292,4083800,83800,QN55,36081083800.0
1293,1017401,17401,MN33,36061017401.0
1294,1017402,17402,MN33,36061017402.0
1295,1018600,18600,MN11,36061018600.0
1296,2038500,38500,BX01,36005038500.0
1297,2023702,23702,BX05,36005023702.0
1298,2025100,25100,BX36,36005025100.0
1299,2025300,25300,BX30,36005025300.0
1300,2042901,42901,BX43,36005042901.0
1301,1021500,21500,MN03,36061021500.0
1302,1021703,21703,MN06,36061021703.0
1303,1008000,8000,MN20,36061008000.0
1304,4046400,46400,QN06,36081046400.0
1305,4127700,127700,QN06,36081127700.0
1306,3024300,24300,BK75,36047024300.0
1307,4008500,8500,QN68,36081008500.0
1308,4004300,4300,QN68,36081004300.0
1309,3025100,25100,BK75,36047025100.0
1310,3026500,26500,BK75,36047026500.0
1311,2037300,37300,BX17,36005037300.0
1312,2039100,39100,BX06,36005039100.0
1313,3005100,5100,BK33,36047005100.0
1314,4109300,109300,QN46,36081109300.0
1315,4109700,109700,QN46,36081109700.0
1316,1006900,6900,MN23,36061006900.0
1317,1007500,7500,MN23,36061007500.0
1318,1008800,8800,MN19,36061008800.0
1319,1009000,9000,MN19,36061009000.0
1320,4068200,68200,QN66,36081068200.0
1321,1003100,3100,MN24,36061003100.0
1322,1001501,1501,MN25,36061001501.0
1323,1002900,2900,MN27,36061002900.0
1324,5001800,1800,SI14,36085001800.0
1325,5002001,2001,SI37,36085002001.0
1326,3018100,18100,BK68,36047018100.0
1327,1007800,7800,MN20,36061007800.0
1328,4084601,84601,QN55,36081084601.0
1329,1007100,7100,MN23,36061007100.0
1330,1007300,7300,MN23,36061007300.0
1331,4129102,129102,QN42,36081129102.0
1332,4074900,74900,QN17,36081074900.0
1333,4076901,76901,QN17,36081076901.0
1334,5000300,300,SI22,36085000300.0
1335,2042600,42600,BX62,36005042600.0
1336,3103400,103400,BK50,36047103400.0
1337,3069602,69602,BK45,36047069602.0
1338,2009300,9300,BX27,36005009300.0
1339,2011700,11700,BX27,36005011700.0
1340,3118000,118000,BK99,36047118000.0
1341,4033402,33402,QN02,36081033402.0
1342,5020804,20804,SI32,36085020804.0
1343,5027302,27302,SI05,36085027302.0
1344,4094500,94500,QN49,36081094500.0
1345,2031900,31900,BX22,36005031900.0
1346,3054500,54500,BK72,36047054500.0
1347,3005900,5900,BK33,36047005900.0
1348,3003300,3300,BK68,36047003300.0
1349,1021303,21303,MN06,36061021303.0
1350,3099800,99800,BK50,36047099800.0
1351,3102800,102800,BK50,36047102800.0
1352,3003700,3700,BK38,36047003700.0
1353,3003900,3900,BK38,36047003900.0
1354,3017400,17400,BK27,36047017400.0
1355,3017600,17600,BK27,36047017600.0
1356,1004300,4300,MN24,36061004300.0
1357,1003800,3800,MN22,36061003800.0
1358,1005502,5502,MN23,36061005502.0
1359,1005700,5700,MN23,36061005700.0
1360,1003601,3601,MN27,36061003601.0
1361,1003602,3602,MN22,36061003602.0
1362,1008602,8602,MN19,36061008602.0
1363,4139900,139900,QN46,36081139900.0
1364,4144100,144100,QN46,36081144100.0
1365,3001500,1500,BK38,36047001500.0
1366,3003100,3100,BK68,36047003100.0
1367,4033401,33401,QN08,36081033401.0
1368,5013203,13203,SI54,36085013203.0
1369,3035700,35700,BK61,36047035700.0
1370,3035900,35900,BK61,36047035900.0
1371,2014100,14100,BX35,36005014100.0
1372,2018500,18500,BX35,36005018500.0
1373,2007100,7100,BX34,36005007100.0
1374,2018400,18400,BX52,36005018400.0
1375,2016400,16400,BX52,36005016400.0
1376,2027401,27401,BX10,36005027401.0
1377,1028100,28100,MN35,36061028100.0
1378,1027300,27300,MN35,36061027300.0
1379,1027500,27500,MN35,36061027500.0
1380,5003900,3900,SI08,36085003900.0
1381,3028100,28100,BK35,36047028100.0
1382,2045800,45800,BX03,36005045800.0
1383,2046000,46000,BX03,36005046000.0
1384,2048400,48400,BX03,36005048400.0
1385,2044901,44901,BX62,36005044901.0
1386,2044902,44902,BX62,36005044902.0
1387,4051100,51100,QN30,36081051100.0
1388,1023802,23802,MN31,36061023802.0
1389,4025400,25400,QN01,36081025400.0
1390,1001402,1402,MN28,36061001402.0
1391,1008601,8601,MN19,36061008601.0
1392,4044601,44601,QN61,36081044601.0
1393,4046000,46000,QN61,36081046000.0
1394,4021200,21200,QN61,36081021200.0
1395,4024000,24000,QN61,36081024000.0
1396,4013700,13700,QN72,36081013700.0
1397,4006900,6900,QN71,36081006900.0
1398,4007100,7100,QN71,36081007100.0
1399,4006501,6501,QN70,36081006501.0
1400,4012500,12500,QN72,36081012500.0
1401,4097203,97203,QN12,36081097203.0
1402,1001401,1401,MN28,36061001401.0
1403,3015200,15200,BK30,36047015200.0
1404,3015000,15000,BK30,36047015000.0
1405,3015400,15400,BK99,36047015400.0
1406,1006600,6600,MN20,36061006600.0
1407,1007000,7000,MN20,36061007000.0
1408,4005800,5800,QN56,36081005800.0
1409,4006202,6202,QN57,36081006202.0
1410,3029400,29400,BK28,36047029400.0
1411,3030400,30400,BK29,36047030400.0
1412,4009500,9500,QN72,36081009500.0
1413,4009900,9900,QN99,36081009900.0
1414,4010300,10300,QN72,36081010300.0
1415,4035200,35200,QN08,36081035200.0
1416,5002700,2700,SI37,36085002700.0
1417,1014402,14402,MN32,36061014402.0
1418,1015200,15200,MN32,36061015200.0
1419,1014700,14700,MN14,36061014700.0
1420,5011202,11202,SI45,36085011202.0
1421,5012804,12804,SI45,36085012804.0
1422,3091000,91000,BK81,36047091000.0
1423,3091200,91200,BK81,36047091200.0
1424,3118201,118201,BK83,36047118201.0
1425,3118202,118202,BK83,36047118202.0
1426,3118400,118400,BK83,36047118400.0
1427,4041400,41400,QN01,36081041400.0
1428,4044000,44000,QN01,36081044000.0
1429,5009700,9700,SI22,36085009700.0
1430,1021900,21900,MN06,36061021900.0
1431,5017007,17007,SI48,36085017007.0
1432,1017800,17800,MN34,36061017800.0
1433,4099701,99701,QN47,36081099701.0
1434,1030700,30700,MN01,36061030700.0
1435,1024302,24302,MN03,36061024302.0
1436,5020100,20100,SI07,36085020100.0
1437,5024401,24401,SI11,36085024401.0
1438,2005902,5902,BX14,36005005902.0
1439,2006100,6100,BX14,36005006100.0
1440,5024700,24700,SI28,36085024700.0
1441,5025100,25100,SI28,36085025100.0
1442,5029102,29102,SI05,36085029102.0
1443,4020500,20500,QN31,36081020500.0
1444,4022900,22900,QN99,36081022900.0
1445,5030301,30301,SI12,36085030301.0
1446,2006500,6500,BX34,36005006500.0
1447,5031902,31902,SI12,36085031902.0
1448,4096400,96400,QN12,36081096400.0
1449,4097202,97202,QN12,36081097202.0
1450,4097204,97204,QN12,36081097204.0
1451,4147100,147100,QN46,36081147100.0
1452,4150701,150701,QN45,36081150701.0
1453,3012000,12000,BK34,36047012000.0
1454,3012200,12200,BK32,36047012200.0
1455,3012600,12600,BK31,36047012600.0
1456,4063500,63500,QN19,36081063500.0
1457,1022301,22301,MN06,36061022301.0
1458,1022302,22302,MN06,36061022302.0
1459,2005300,5300,BX36,36005005300.0
1460,4062100,62100,QN21,36081062100.0
1461,2017100,17100,BX99,36005017100.0
1462,2017702,17702,BX14,36005017702.0
1463,2028300,28300,BX29,36005028300.0
1464,2028900,28900,BX29,36005028900.0
1465,2035600,35600,BX03,36005035600.0
1466,3020700,20700,BK64,36047020700.0
1467,3021500,21500,BK64,36047021500.0
1468,1021000,21000,MN34,36061021000.0
1469,1021200,21200,MN03,36061021200.0
1470,1022102,22102,MN03,36061022102.0
1471,1022800,22800,MN03,36061022800.0
1472,4125700,125700,QN37,36081125700.0
1473,4077908,77908,QN37,36081077908.0
1474,3050100,50100,BK90,36047050100.0
1475,3051500,51500,BK73,36047051500.0
1476,3054900,54900,BK73,36047054900.0
1477,3018300,18300,BK68,36047018300.0
1478,3021100,21100,BK68,36047021100.0
1479,3018501,18501,BK68,36047018501.0
1480,3018700,18700,BK68,36047018700.0
1481,3070000,70000,BK45,36047070000.0
1482,3070600,70600,BK45,36047070600.0
1483,2008500,8500,BX33,36005008500.0
1484,2008700,8700,BX33,36005008700.0
1485,3120000,120000,BK82,36047120000.0
1486,3120800,120800,BK82,36047120800.0
1487,2008400,8400,BX09,36005008400.0
1488,2006700,6700,BX34,36005006700.0
1489,2029301,29301,BX29,36005029301.0
1490,4053100,53100,QN30,36081053100.0
1491,4093900,93900,QN23,36081093900.0
1492,1006200,6200,MN20,36061006200.0
1493,3056300,56300,BK76,36047056300.0
1494,1031100,31100,MN99,36061031100.0
1495,2028500,28500,BX29,36005028500.0
1496,2035100,35100,BX22,36005035100.0
1497,3004300,4300,BK38,36047004300.0
1498,3004500,4500,BK33,36047004500.0
1499,5015400,15400,SI99,36085015400.0
1500,5015603,15603,SI54,36085015603.0
1501,2014500,14500,BX01,36005014500.0
1502,2014701,14701,BX01,36005014701.0
1503,3008400,8400,BK32,36047008400.0
1504,3008800,8800,BK34,36047008800.0
1505,3017500,17500,BK99,36047017500.0
1506,1001001,1001,MN28,36061001001.0
1507,1001200,1200,MN28,36061001200.0
1508,1029500,29500,MN01,36061029500.0
1509,4069400,69400,QN03,36081069400.0
1510,4148300,148300,QN45,36081148300.0
1511,2020501,20501,BX36,36005020501.0
1512,1024200,24200,MN34,36061024200.0
1513,3035602,35602,BK23,36047035602.0
1514,3036200,36200,BK19,36047036200.0
1515,3036400,36400,BK19,36047036400.0
1516,3015900,15900,BK37,36047015900.0
1517,1022200,22200,MN11,36061022200.0
1518,1022400,22400,MN03,36061022400.0
1519,4075702,75702,QN17,36081075702.0
1520,5000600,600,SI37,36085000600.0
1521,4015801,15801,QN55,36081015801.0
1522,4020800,20800,QN61,36081020800.0
1523,4024600,24600,QN61,36081024600.0
1524,4010500,10500,QN72,36081010500.0
1525,4010701,10701,QN72,36081010701.0
1526,4018900,18900,QN31,36081018900.0
1527,4024900,24900,QN63,36081024900.0
1528,4059500,59500,QN20,36081059500.0
1529,4003300,3300,QN68,36081003300.0
1530,4038301,38301,QN99,36081038301.0
1531,4046200,46200,QN61,36081046200.0
1532,3121400,121400,BK82,36047121400.0
1533,3122000,122000,BK82,36047122000.0
1534,5014605,14605,SI54,36085014605.0
1535,5014606,14606,SI54,36085014606.0
1536,1007200,7200,MN20,36061007200.0
1537,1007400,7400,MN17,36061007400.0
1538,4088901,88901,QN22,36081088901.0
1539,4086900,86900,QN22,36081086900.0
1540,3114201,114201,BK83,36047114201.0
1541,4055400,55400,QN34,36081055400.0
1542,4056000,56000,QN34,36081056000.0
1543,4043900,43900,QN25,36081043900.0
1544,4084900,84900,QN22,36081084900.0
1545,3036900,36900,BK79,36047036900.0
1546,3000700,700,BK09,36047000700.0
1547,5013400,13400,SI45,36085013400.0
1548,4142900,142900,QN48,36081142900.0
1549,4145101,145101,QN48,36081145101.0
1550,4018200,18200,QN76,36081018200.0
1551,4079200,79200,QN76,36081079200.0
1552,4006201,6201,QN57,36081006201.0
1553,4089200,89200,QN57,36081089200.0
1554,3050202,50202,BK40,36047050202.0
1555,3050400,50400,BK40,36047050400.0
1556,2027900,27900,BX28,36005027900.0
1557,2028100,28100,BX28,36005028100.0
1558,4036800,36800,QN08,36081036800.0
1559,4004002,4002,QN56,36081004002.0
1560,4008600,8600,QN56,36081008600.0
1561,2035800,35800,BX03,36005035800.0
1562,5002100,2100,SI37,36085002100.0
1563,3003400,3400,BK31,36047003400.0
1564,1011100,11100,MN13,36061011100.0
1565,1011500,11500,MN15,36061011500.0
1566,3057500,57500,BK76,36047057500.0
1567,3057900,57900,BK76,36047057900.0
1568,1017100,17100,MN12,36061017100.0
1569,1017900,17900,MN12,36061017900.0
1570,1018300,18300,MN12,36061018300.0
1571,1018700,18700,MN12,36061018700.0
1572,1016200,16200,MN33,36061016200.0
1573,1024000,24000,MN99,36061024000.0
1574,2011800,11800,BX52,36005011800.0
1575,4103201,103201,QN15,36081103201.0
1576,4100802,100802,QN15,36081100802.0
1577,1028300,28300,MN35,36061028300.0
1578,1028500,28500,MN35,36061028500.0
1579,4019800,19800,QN01,36081019800.0
1580,4019600,19600,QN01,36081019600.0
1581,4020200,20200,QN01,36081020200.0
1582,4022001,22001,QN35,36081022001.0
1583,4043701,43701,QN25,36081043701.0
1584,4043702,43702,QN25,36081043702.0
1585,4026400,26400,QN01,36081026400.0
1586,4027600,27600,QN76,36081027600.0
1587,4025800,25800,QN01,36081025800.0
1588,4008800,8800,QN56,36081008800.0
1589,3052300,52300,BK73,36047052300.0
1590,3052500,52500,BK73,36047052500.0
1591,3070201,70201,BK45,36047070201.0
1592,3070202,70202,BK99,36047070202.0
1593,3070203,70203,BK99,36047070203.0
1594,5014607,14607,SI54,36085014607.0
1595,5017012,17012,SI01,36085017012.0
1596,5022600,22600,SI11,36085022600.0
1597,5020803,20803,SI32,36085020803.0
1598,3036600,36600,BK19,36047036600.0
1599,3037000,37000,BK19,36047037000.0
1600,3037401,37401,BK26,36047037401.0
1601,3040200,40200,BK29,36047040200.0
1602,4098700,98700,QN49,36081098700.0
1603,1015100,15100,MN14,36061015100.0
1604,1015500,15500,MN14,36061015500.0
1605,2005400,5400,BX08,36005005400.0
1606,2005600,5600,BX08,36005005600.0
1607,2015700,15700,BX75,36005015700.0
1608,3032700,32700,BK60,36047032700.0
1609,3058800,58800,BK25,36047058800.0
1610,3059000,59000,BK17,36047059000.0
1611,3060600,60600,BK17,36047060600.0
1612,4002400,2400,QN54,36081002400.0
1613,4002600,2600,QN54,36081002600.0
1614,3037402,37402,BK26,36047037402.0
1615,1010602,10602,MN31,36061010602.0
1616,1011000,11000,MN31,36061011000.0
1617,1011600,11600,MN31,36061011600.0
1618,4108500,108500,QN46,36081108500.0
1619,4109900,109900,QN46,36081109900.0
1620,4113300,113300,QN46,36081113300.0
1621,5002900,2900,SI37,36085002900.0
1622,5003300,3300,SI08,36085003300.0
1623,5013201,13201,SI25,36085013201.0
1624,1018200,18200,MN34,36061018200.0
1625,1018800,18800,MN34,36061018800.0
1626,1019400,19400,MN34,36061019400.0
1627,1019600,19600,MN34,36061019600.0
1628,2030701,30701,BX22,36005030701.0
1629,2030900,30900,BX22,36005030900.0
1630,5014608,14608,SI54,36085014608.0
1631,5023900,23900,SI12,36085023900.0
1632,5030302,30302,SI12,36085030302.0
1633,5007000,7000,SI36,36085007000.0
1634,5000700,700,SI22,36085000700.0
1635,5008100,8100,SI22,36085008100.0
1636,3059800,59800,BK17,36047059800.0
1637,3062600,62600,BK17,36047062600.0
1638,3035000,35000,BK23,36047035000.0
1639,3035400,35400,BK23,36047035400.0
1640,3047800,47800,BK88,36047047800.0
1641,5011201,11201,SI36,36085011201.0
1642,5011401,11401,SI36,36085011401.0
1643,1000700,700,MN25,36061000700.0
1644,1000900,900,MN25,36061000900.0
1645,5003600,3600,SI37,36085003600.0
1646,5010500,10500,SI35,36085010500.0
1647,3016100,16100,BK64,36047016100.0
1648,3003500,3500,BK68,36047003500.0
1649,3017900,17900,BK68,36047017900.0
1650,4053800,53800,QN34,36081053800.0
1651,4058200,58200,QN34,36081058200.0
1652,5000800,800,SI37,36085000800.0
1653,5004000,4000,SI08,36085004000.0
1654,3016300,16300,BK64,36047016300.0
1655,3020500,20500,BK64,36047020500.0
1656,1003900,3900,MN24,36061003900.0
1657,1003300,3300,MN24,36061003300.0
1658,1004700,4700,MN24,36061004700.0
1659,3031702,31702,BK61,36047031702.0
1660,3031900,31900,BK63,36047031900.0
1661,3032100,32100,BK63,36047032100.0
1662,3038900,38900,BK78,36047038900.0
1663,2022000,22000,BX17,36005022000.0
1664,4065501,65501,QN21,36081065501.0
1665,3038700,38700,BK35,36047038700.0
1666,3039500,39500,BK78,36047039500.0
1667,3042400,42400,BK29,36047042400.0
1668,3041200,41200,BK29,36047041200.0
1669,5027704,27704,SI24,36085027704.0
1670,3024400,24400,BK88,36047024400.0
1671,3046800,46800,BK88,36047046800.0
1672,3044900,44900,BK90,36047044900.0
1673,4053900,53900,QN20,36081053900.0
1674,1017200,17200,MN33,36061017200.0
1675,1018000,18000,MN34,36061018000.0
1676,3027500,27500,BK35,36047027500.0
1677,3027700,27700,BK35,36047027700.0
1678,3012901,12901,BK37,36047012901.0
1679,3012902,12902,BK37,36047012902.0
1680,3045300,45300,BK77,36047045300.0
1681,3048500,48500,BK78,36047048500.0
1682,1021600,21600,MN11,36061021600.0
1683,5018702,18702,SI05,36085018702.0
1684,5018902,18902,SI05,36085018902.0
1685,1019900,19900,MN09,36061019900.0
1686,4033100,33100,QN98,36081033100.0
1687,4090700,90700,QN23,36081090700.0
1688,4063700,63700,QN19,36081063700.0
1689,4063900,63900,QN19,36081063900.0
1690,5019800,19800,SI01,36085019800.0
1691,5024402,24402,SI11,36085024402.0
1692,5990100,990100,SI99,36085990100.0
1693,3030800,30800,BK26,36047030800.0
1694,3038200,38200,BK26,36047038200.0
1695,2007400,7400,BX09,36005007400.0
1696,2008600,8600,BX09,36005008600.0
1697,3118800,118800,BK83,36047118800.0
1698,3120200,120200,BK83,36047120200.0
1699,4074700,74700,QN17,36081074700.0
1700,3042500,42500,BK78,36047042500.0
1701,2046201,46201,BX13,36005046201.0
1702,2046202,46202,BX13,36005046202.0
1703,2022101,22101,BX63,36005022101.0
1704,2038301,38301,BX40,36005038301.0
1705,2038302,38302,BX40,36005038302.0
1706,4155101,155101,QN44,36081155101.0
1707,4155102,155102,QN44,36081155102.0
1708,2014702,14702,BX01,36005014702.0
1709,2016900,16900,BX01,36005016900.0
1710,2034800,34800,BX31,36005034800.0
1711,2035000,35000,BX31,36005035000.0
1712,2029500,29500,BX29,36005029500.0
1713,2029700,29700,BX29,36005029700.0
1714,4077500,77500,QN60,36081077500.0
1715,4009800,9800,QN55,36081009800.0
1716,4011000,11000,QN54,36081011000.0
1717,4088400,88400,QN57,36081088400.0
1718,4070300,70300,QN18,36081070300.0
1719,4070700,70700,QN17,36081070700.0
1720,4070900,70900,QN17,36081070900.0
1721,3048900,48900,BK78,36047048900.0
1722,3049300,49300,BK78,36047049300.0
1723,4049302,49302,QN30,36081049302.0
1724,4080302,80302,QN62,36081080302.0
1725,1008200,8200,MN20,36061008200.0
1726,5022300,22300,SI12,36085022300.0
1727,2009600,9600,BX59,36005009600.0
1728,2020100,20100,BX26,36005020100.0
1729,4021900,21900,QN31,36081021900.0
1730,4053500,53500,QN30,36081053500.0
1731,2007800,7800,BX59,36005007800.0
1732,2009200,9200,BX59,36005009200.0
1733,2029600,29600,BX49,36005029600.0
1734,2006300,6300,BX63,36005006300.0
1735,1008603,8603,MN19,36061008603.0
1736,1023801,23801,MN31,36061023801.0
1737,3079801,79801,BK60,36047079801.0
1738,3079802,79802,BK60,36047079802.0
1739,3005300,5300,BK33,36047005300.0
1740,3008500,8500,BK33,36047008500.0
1741,1019300,19300,MN09,36061019300.0
1742,1019500,19500,MN09,36061019500.0
1743,3005601,5601,BK31,36047005601.0
1744,3005602,5602,BK31,36047005602.0
1745,2013200,13200,BX52,36005013200.0
1746,3035500,35500,BK63,36047035500.0
1747,3088000,88000,BK60,36047088000.0
1748,2023100,23100,BX41,36005023100.0
1749,2039500,39500,BX01,36005039500.0
1750,2042100,42100,BX43,36005042100.0
1751,2041900,41900,BX43,36005041900.0
1752,2042500,42500,BX43,36005042500.0
1753,1029900,29900,MN01,36061029900.0
1754,1030900,30900,MN01,36061030900.0
1755,4099100,99100,QN49,36081099100.0
1756,4133300,133300,QN41,36081133300.0
1757,4134700,134700,QN41,36081134700.0
1758,4136700,136700,QN42,36081136700.0
1759,4040400,40400,QN08,36081040400.0
1760,4061601,61601,QN66,36081061601.0
1761,4062000,62000,QN66,36081062000.0
1762,4037600,37600,QN08,36081037600.0
1763,3039100,39100,BK78,36047039100.0
1764,3042300,42300,BK78,36047042300.0
1765,4001900,1900,QN31,36081001900.0
1766,4017100,17100,QN31,36081017100.0
1767,4008300,8300,QN71,36081008300.0
1768,4008100,8100,QN71,36081008100.0
1769,4008700,8700,QN71,36081008700.0
1770,1002000,2000,MN28,36061002000.0
1771,1002400,2400,MN28,36061002400.0
1772,4062400,62400,QN99,36081062400.0
1773,4062600,62600,QN66,36081062600.0
1774,4156700,156700,QN43,36081156700.0
1775,4021400,21400,QN35,36081021400.0
1776,4060100,60100,QN30,36081060100.0
1777,4060300,60300,QN21,36081060300.0
1778,1002700,2700,MN27,36061002700.0
1779,1016700,16700,MN12,36061016700.0
1780,1015900,15900,MN14,36061015900.0
1781,1016300,16300,MN12,36061016300.0
1782,4027800,27800,QN76,36081027800.0
1783,4028800,28800,QN76,36081028800.0
1784,4049301,49301,QN30,36081049301.0
1785,4049700,49700,QN30,36081049700.0
1786,1012400,12400,MN31,36061012400.0
1787,1013200,13200,MN31,36061013200.0
1788,2001900,1900,BX39,36005001900.0
1789,2002300,2300,BX39,36005002300.0
1790,5020700,20700,SI28,36085020700.0
1791,5021300,21300,SI28,36085021300.0
1792,3028000,28000,BK27,36047028000.0
1793,3028200,28200,BK27,36047028200.0
1794,4014201,14201,QN54,36081014201.0
1795,4014202,14202,QN54,36081014202.0
1796,4045200,45200,QN35,36081045200.0
1797,4045400,45400,QN35,36081045400.0
1798,4066501,66501,QN21,36081066501.0
1799,4066900,66900,QN21,36081066900.0
1800,3030700,30700,BK61,36047030700.0
1801,3034700,34700,BK61,36047034700.0
1802,4085700,85700,QN22,36081085700.0
1803,4019900,19900,QN31,36081019900.0
1804,4015100,15100,QN70,36081015100.0
1805,4016300,16300,QN70,36081016300.0
1806,4129103,129103,QN42,36081129103.0
1807,1011800,11800,MN31,36061011800.0
1808,1012600,12600,MN31,36061012600.0
1809,4147900,147900,QN45,36081147900.0
1810,4150702,150702,QN45,36081150702.0
1811,2027600,27600,BX99,36005027600.0
1812,1025500,25500,MN36,36061025500.0
1813,1026500,26500,MN36,36061026500.0
1814,4152901,152901,QN45,36081152901.0
1815,5015602,15602,SI01,36085015602.0
1816,5017011,17011,SI01,36085017011.0
1817,5014604,14604,SI54,36085014604.0
1818,5015601,15601,SI54,36085015601.0
1819,2034300,34300,BX22,36005034300.0
1820,2039700,39700,BX06,36005039700.0
1821,2039901,39901,BX05,36005039901.0
1822,2033400,33400,BX99,36005033400.0
1823,2033600,33600,BX07,36005033600.0
1824,4012301,12301,QN72,36081012301.0
1825,4013500,13500,QN72,36081013500.0
1826,4042700,42700,QN25,36081042700.0
1827,4099703,99703,QN47,36081099703.0
1828,4099704,99704,QN47,36081099704.0
1829,4036600,36600,QN08,36081036600.0
1830,1007600,7600,MN17,36061007600.0
1831,4101001,101001,QN15,36081101001.0
1832,2009000,9000,BX09,36005009000.0
1833,2019400,19400,BX52,36005019400.0
1834,2045600,45600,BX03,36005045600.0
1835,2050400,50400,BX99,36005050400.0
1836,4107201,107201,QN10,36081107201.0
1837,4107202,107202,QN99,36081107202.0
1838,4122701,122701,QN38,36081122701.0
1839,4122702,122702,QN38,36081122702.0
1840,5017010,17010,SI48,36085017010.0
1841,5020801,20801,SI32,36085020801.0
1842,4103202,103202,QN15,36081103202.0
1843,4026000,26000,QN01,36081026000.0
1844,4026200,26200,QN01,36081026200.0
1845,4018700,18700,QN31,36081018700.0
1846,3038600,38600,BK26,36047038600.0
1847,3039800,39800,BK26,36047039800.0
1848,3002300,2300,BK38,36047002300.0
1849,1000500,500,MN99,36061000500.0
1850,3004700,4700,BK33,36047004700.0
1851,5005900,5900,SI35,36085005900.0
1852,2035900,35900,BX17,36005035900.0
1853,2015500,15500,BX75,36005015500.0
1854,2016100,16100,BX75,36005016100.0
1855,2002000,2000,BX09,36005002000.0
1856,2002400,2400,BX99,36005002400.0
1857,4083700,83700,QN62,36081083700.0
1858,4079701,79701,QN22,36081079701.0
1859,4084500,84500,QN22,36081084500.0
1860,4085900,85900,QN22,36081085900.0
1861,1005000,5000,MN21,36061005000.0
1862,1005200,5200,MN13,36061005200.0
1863,2020000,20000,BX37,36005020000.0
1864,2025600,25600,BX37,36005025600.0
1865,3019100,19100,BK69,36047019100.0
1866,3053900,53900,BK72,36047053900.0
1867,2019700,19700,BX63,36005019700.0
1868,2021900,21900,BX26,36005021900.0
1869,1013600,13600,MN32,36061013600.0
1870,1013800,13800,MN32,36061013800.0
1871,3004400,4400,BK31,36047004400.0
1872,3021300,21300,BK63,36047021300.0
1873,3032500,32500,BK63,36047032500.0
1874,4064500,64500,QN17,36081064500.0
1875,4030600,30600,QN03,36081030600.0
1876,4071600,71600,QN98,36081071600.0
1877,2020502,20502,BX36,36005020502.0
1878,2024700,24700,BX36,36005024700.0
1879,2021501,21501,BX36,36005021501.0
1880,2021502,21502,BX36,36005021502.0
1881,4055200,55200,QN34,36081055200.0
1882,4130100,130100,QN43,36081130100.0
1883,4017900,17900,QN31,36081017900.0
1884,4018300,18300,QN31,36081018300.0
1885,3034000,34000,BK21,36047034000.0
1886,3035200,35200,BK21,36047035200.0
1887,4063800,63800,QN05,36081063800.0
1888,4025100,25100,QN63,36081025100.0
1889,4025302,25302,QN31,36081025302.0
1890,4023500,23500,QN31,36081023500.0
1891,4025301,25301,QN31,36081025301.0
1892,4021600,21600,QN60,36081021600.0
1893,4079000,79000,QN76,36081079000.0
1894,4081400,81400,QN55,36081081400.0
1895,4000100,100,QN31,36081000100.0
1896,4000700,700,QN31,36081000700.0
1897,2014400,14400,BX52,36005014400.0
1898,2003900,3900,BX39,36005003900.0
1899,5006700,6700,SI35,36085006700.0
1900,5007500,7500,SI35,36085007500.0
1901,3028700,28700,BK35,36047028700.0
1902,3028900,28900,BK35,36047028900.0
1903,3039300,39300,BK78,36047039300.0
1904,4065400,65400,QN05,36081065400.0
1905,4068000,68000,QN03,36081068000.0
1906,1009900,9900,MN13,36061009900.0
1907,1011700,11700,MN13,36061011700.0
1908,1031703,31703,MN25,36061031703.0
1909,1031704,31704,MN25,36061031704.0
1910,1000600,600,MN28,36061000600.0
1911,2026601,26601,BX10,36005026601.0
1912,2028400,28400,BX37,36005028400.0
1913,2026400,26400,BX52,36005026400.0
1914,2026602,26602,BX10,36005026602.0
1915,2018900,18900,BX26,36005018900.0
1916,2019300,19300,BX26,36005019300.0
1917,1000201,201,MN28,36061000201.0
1918,1000202,202,MN28,36061000202.0
1919,4024500,24500,QN63,36081024500.0
1920,4099705,99705,QN47,36081099705.0
1921,4099900,99900,QN47,36081099900.0
1922,4003400,3400,QN53,36081003400.0
1923,3118600,118600,BK83,36047118600.0
1924,4065600,65600,QN05,36081065600.0
1925,4066400,66400,QN05,36081066400.0
1926,3024100,24100,BK75,36047024100.0
1927,3123700,123700,BK75,36047123700.0
1928,2029302,29302,BX29,36005029302.0
1929,4010000,10000,QN55,36081010000.0
1930,4086400,86400,QN55,36081086400.0
1931,2006900,6900,BX34,36005006900.0
1932,2017300,17300,BX14,36005017300.0
1933,3030600,30600,BK26,36047030600.0
1934,3053500,53500,BK72,36047053500.0
1935,3054700,54700,BK73,36047054700.0
1936,3033000,33000,BK21,36047033000.0
1937,3032800,32800,BK21,36047032800.0
1938,3033600,33600,BK21,36047033600.0
1939,2021800,21800,BX08,36005021800.0
1940,2024000,24000,BX37,36005024000.0
1941,3030300,30300,BK79,36047030300.0
1942,3036501,36501,BK79,36047036501.0
1943,3079602,79602,BK60,36047079602.0
1944,3082000,82000,BK60,36047082000.0
1945,3082200,82200,BK60,36047082200.0
1946,1003400,3400,MN22,36061003400.0
1947,3000900,900,BK09,36047000900.0
1948,3078200,78200,BK91,36047078200.0
1949,3083000,83000,BK91,36047083000.0
1950,1006000,6000,MN50,36061006000.0
1951,3031500,31500,BK61,36047031500.0
1952,3019300,19300,BK69,36047019300.0
1953,3023300,23300,BK75,36047023300.0
1954,4137700,137700,QN42,36081137700.0
1955,4138502,138502,QN99,36081138502.0
1956,1028700,28700,MN35,36061028700.0
1957,1029700,29700,MN99,36061029700.0
1958,3000100,100,BK09,36047000100.0
1959,3000301,301,BK09,36047000301.0
1960,1023300,23300,MN04,36061023300.0
1961,1023700,23700,MN04,36061023700.0
1962,5029104,29104,SI05,36085029104.0
1963,5023100,23100,SI12,36085023100.0
1964,2034500,34500,BX22,36005034500.0
1965,2032300,32300,BX22,36005032300.0
1966,4047600,47600,QN06,36081047600.0
1967,4128300,128300,QN99,36081128300.0
1968,4161700,161700,QN43,36081161700.0
1969,4162100,162100,QN43,36081162100.0
1970,4018101,18101,QN31,36081018101.0
1971,4018102,18102,QN31,36081018102.0
1972,4115500,115500,QN51,36081115500.0
1973,4116700,116700,QN51,36081116700.0
1974,3077600,77600,BK58,36047077600.0
1975,3078000,78000,BK91,36047078000.0
1976,3054600,54600,BK43,36047054600.0
1977,3054800,54800,BK44,36047054800.0
1978,3082600,82600,BK95,36047082600.0
1979,3082800,82800,BK95,36047082800.0
1980,3080800,80800,BK60,36047080800.0
1981,3087600,87600,BK60,36047087600.0
1982,3022400,22400,BK88,36047022400.0
1983,3023000,23000,BK88,36047023000.0
1984,3048600,48600,BK41,36047048600.0
1985,3048800,48800,BK41,36047048800.0
1986,3022600,22600,BK88,36047022600.0
1987,3022800,22800,BK88,36047022800.0
1988,3049600,49600,BK41,36047049600.0
1989,3049800,49800,BK41,36047049800.0
1990,3050000,50000,BK40,36047050000.0
1991,3004600,4600,BK31,36047004600.0
1992,3006400,6400,BK31,36047006400.0
1993,3013800,13800,BK31,36047013800.0
1994,3016200,16200,BK31,36047016200.0
1995,3016400,16400,BK31,36047016400.0
1996,3005000,5000,BK31,36047005000.0
1997,3006200,6200,BK31,36047006200.0
1998,3014800,14800,BK30,36047014800.0
1999,3016600,16600,BK30,36047016600.0
2000,3040000,40000,BK29,36047040000.0
2001,3041000,41000,BK29,36047041000.0
2002,3023200,23200,BK88,36047023200.0
2003,3023400,23400,BK88,36047023400.0
2004,3011600,11600,BK88,36047011600.0
2005,3021600,21600,BK88,36047021600.0
2006,3021800,21800,BK88,36047021800.0
2007,3010000,10000,BK34,36047010000.0
2008,3010600,10600,BK34,36047010600.0
2009,3009000,9000,BK34,36047009000.0
2010,3009200,9200,BK34,36047009200.0
2011,3011700,11700,BK37,36047011700.0
2012,3018000,18000,BK27,36047018000.0
2013,5031901,31901,SI12,36085031901.0
2014,5032300,32300,SI12,36085032300.0
2015,3047700,47700,BK90,36047047700.0
2016,3049700,49700,BK90,36047049700.0
2017,4052800,52800,QN08,36081052800.0
2018,4039800,39800,QN08,36081039800.0
2019,4042400,42400,QN08,36081042400.0
2020,1000800,800,MN27,36061000800.0
2021,1002500,2500,MN27,36061002500.0
2022,2004300,4300,BX39,36005004300.0
2023,2004100,4100,BX39,36005004100.0
2024,2005100,5100,BX39,36005005100.0
2025,5017005,17005,SI01,36085017005.0
2026,5017600,17600,SI01,36085017600.0
2027,5013302,13302,SI22,36085013302.0
2028,5014100,14100,SI22,36085014100.0
2029,2036700,36700,BX17,36005036700.0
2030,5029103,29103,SI05,36085029103.0
2031,5027702,27702,SI24,36085027702.0
2032,5009602,9602,SI36,36085009602.0
2033,5012200,12200,SI45,36085012200.0
2034,5018100,18100,SI24,36085018100.0
2035,5027706,27706,SI24,36085027706.0
2036,5017300,17300,SI05,36085017300.0
2037,5017700,17700,SI24,36085017700.0
2038,3051002,51002,BK42,36047051002.0
2039,3079400,79400,BK95,36047079400.0
2040,1003700,3700,MN24,36061003700.0
2041,1004900,4900,MN24,36061004900.0
2042,5015100,15100,SI07,36085015100.0
2043,5018701,18701,SI07,36085018701.0
2044,3049000,49000,BK41,36047049000.0
2045,3049200,49200,BK41,36047049200.0
2046,4055700,55700,QN20,36081055700.0
2047,4056700,56700,QN19,36081056700.0
2048,5027301,27301,SI05,36085027301.0
2049,5027705,27705,SI24,36085027705.0
2050,3029500,29500,BK35,36047029500.0
2051,3038300,38300,BK35,36047038300.0
2052,4095400,95400,QN12,36081095400.0
2053,4094202,94202,QN12,36081094202.0
2054,4094203,94203,QN12,36081094203.0
2055,1002800,2800,MN28,36061002800.0
2056,1004400,4400,MN50,36061004400.0
2057,3007700,7700,BK33,36047007700.0
2058,3011900,11900,BK37,36047011900.0
2059,2013500,13500,BX35,36005013500.0
2060,2015100,15100,BX35,36005015100.0
2061,3039200,39200,BK25,36047039200.0
2062,3058400,58400,BK25,36047058400.0
2063,1008400,8400,MN17,36061008400.0
2064,1009700,9700,MN13,36061009700.0
2065,1010300,10300,MN13,36061010300.0
2066,4061000,61000,QN33,36081061000.0
2067,4061200,61200,QN33,36081061200.0
2068,3002100,2100,BK38,36047002100.0
2069,3054300,54300,BK99,36047054300.0
2070,2033700,33700,BX22,36005033700.0
2071,4052100,52100,QN30,36081052100.0
2072,2025500,25500,BX30,36005025500.0
2073,2025700,25700,BX36,36005025700.0
2074,2026100,26100,BX30,36005026100.0
2075,2026300,26300,BX30,36005026300.0
2076,2026900,26900,BX30,36005026900.0
2077,4044400,44400,QN61,36081044400.0
2078,4046800,46800,QN61,36081046800.0
2079,2012901,12901,BX33,36005012901.0
2080,2015900,15900,BX27,36005015900.0
2081,2000200,200,BX09,36005000200.0
2082,2000400,400,BX09,36005000400.0
2083,3000200,200,BK32,36047000200.0
2084,3014000,14000,BK30,36047014000.0
2085,3014200,14200,BK31,36047014200.0
2086,4093401,93401,QN10,36081093401.0
2087,4093402,93402,QN10,36081093402.0
2088,4093800,93800,QN10,36081093800.0
2089,3031400,31400,BK26,36047031400.0
2090,3034800,34800,BK21,36047034800.0
2091,1001800,1800,MN27,36061001800.0
2092,1004100,4100,MN24,36061004100.0
2093,1024100,24100,MN36,36061024100.0
2094,1024700,24700,MN36,36061024700.0
2095,4051700,51700,QN30,36081051700.0
2096,4060701,60701,QN21,36081060701.0
2097,4111300,111300,QN46,36081111300.0
2098,4112300,112300,QN46,36081112300.0
2099,1016800,16800,MN33,36061016800.0
2100,4035800,35800,QN66,36081035800.0
2101,4064600,64600,QN66,36081064600.0
2102,4047500,47500,QN29,36081047500.0
2103,4047900,47900,QN50,36081047900.0
2104,4056100,56100,QN99,36081056100.0
2105,4056500,56500,QN19,36081056500.0
2106,3077200,77200,BK42,36047077200.0
2107,3077000,77000,BK42,36047077000.0
2108,3078600,78600,BK42,36047078600.0
2109,3078800,78800,BK42,36047078800.0
2110,4101002,101002,QN15,36081101002.0
2111,3020300,20300,BK64,36047020300.0
2112,3019900,19900,BK69,36047019900.0
2113,3020100,20100,BK69,36047020100.0
2114,3017700,17700,BK99,36047017700.0
2115,3050600,50600,BK42,36047050600.0
2116,2043100,43100,BX43,36005043100.0
2117,2043500,43500,BX99,36005043500.0
2118,5005000,5000,SI14,36085005000.0
2119,5009601,9601,SI36,36085009601.0
2120,4042600,42600,QN08,36081042600.0
2121,4043200,43200,QN08,36081043200.0
2122,2011000,11000,BX52,36005011000.0
2123,4097300,97300,QN49,36081097300.0
2124,4098100,98100,QN49,36081098100.0
2125,3001800,1800,BK32,36047001800.0
2126,3014300,14300,BK37,36047014300.0
2127,4081800,81800,QN55,36081081800.0
2128,4084602,84602,QN55,36081084602.0
2129,4079702,79702,QN22,36081079702.0
2130,4080301,80301,QN62,36081080301.0
2131,4079300,79300,QN99,36081079300.0
2132,4080900,80900,QN37,36081080900.0
2133,1014200,14200,MN40,36061014200.0
2134,1014300,14300,MN99,36061014300.0
2135,3036100,36100,BK79,36047036100.0
2136,3090000,90000,BK81,36047090000.0
2137,3031100,31100,BK61,36047031100.0
2138,3031300,31300,BK61,36047031300.0
2139,5022800,22800,SI05,36085022800.0
2140,5013800,13800,SI25,36085013800.0
2141,5027900,27900,SI24,36085027900.0
2142,4075701,75701,QN17,36081075701.0
2143,2006000,6000,BX75,36005006000.0
2144,2006200,6200,BX08,36005006200.0
2145,1001300,1300,MN25,36061001300.0
2146,1002100,2100,MN24,36061002100.0
2147,5012805,12805,SI25,36085012805.0
2148,5012806,12806,SI25,36085012806.0
2149,3096000,96000,BK50,36047096000.0
2150,3096200,96200,BK50,36047096200.0
2151,4077300,77300,QN60,36081077300.0
2152,4013400,13400,QN60,36081013400.0
2153,4064102,64102,QN99,36081064102.0
2154,4024300,24300,QN50,36081024300.0
2155,4051500,51500,QN30,36081051500.0
2156,4014100,14100,QN70,36081014100.0
2157,4029900,29900,QN99,36081029900.0
2158,4071100,71100,QN17,36081071100.0
2159,4071305,71305,QN17,36081071305.0
2160,4038100,38100,QN26,36081038100.0
2161,4038302,38302,QN99,36081038302.0
2162,4017800,17800,QN55,36081017800.0
2163,4084000,84000,QN55,36081084000.0
2164,3061002,61002,BK19,36047061002.0
2165,3061004,61004,BK19,36047061004.0
